user_id,variant,installed,signup,activated,purchase
1,A,1,1,1,1
2,B,1,0,0,0
3,A,1,1,1,0
4,A,1,1,1,0
5,A,1,0,0,0
6,B,1,1,0,0
7,A,1,1,1,0
8,A,1,0,0,0
9,A,1,1,1,0
10,B,1,0,0,0
11,A,1,0,0,0
12,A,1,1,0,0
13,A,1,0,0,0
14,A,1,1,1,0
15,B,1,0,0,0
16,A,1,1,0,0
17,B,1,1,1,0
18,B,1,1,1,1
19,B,1,0,0,0
20,A,1,1,1,0
21,B,1,0,0,0
22,A,1,0,0,0
23,B,1,1,1,0
24,B,1,1,0,0
25,B,1,0,0,0
26,B,1,1,1,0
27,B,1,1,1,0
28,B,1,0,0,0
29,B,1,1,1,0
30,B,1,0,0,0
31,A,1,1,1,0
32,A,1,1,1,0
33,B,1,1,1,0
34,B,1,1,1,0
35,B,1,0,0,0
36,A,1,1,0,0
37,B,1,0,0,0
38,A,1,0,0,0
39,A,1,1,1,0
40,A,1,1,1,0
41,A,1,1,1,0
42,A,1,1,1,0
43,B,1,0,0,0
44,B,1,0,0,0
45,B,1,1,1,0
46,B,1,1,1,0
47,B,1,1,0,0
48,A,1,0,0,0
49,B,1,1,0,0
50,B,1,1,0,0
51,A,1,0,0,0
52,B,1,1,1,0
53,A,1,1,0,0
54,B,1,0,0,0
55,A,1,0,0,0
56,B,1,0,0,0
57,B,1,1,1,0
58,A,1,0,0,0
59,A,1,0,0,0
60,A,1,1,0,0
61,A,1,1,0,0
62,A,1,1,0,0
63,A,1,0,0,0
64,A,1,0,0,0
65,A,1,0,0,0
66,B,1,1,0,0
67,B,1,1,0,0
68,A,1,0,0,0
69,B,1,0,0,0
70,B,1,0,0,0
71,B,1,1,1,1
72,B,1,0,0,0
73,A,1,0,0,0
74,B,1,1,0,0
75,A,1,0,0,0
76,B,1,0,0,0
77,B,1,0,0,0
78,B,1,0,0,0
79,A,1,0,0,0
80,B,1,0,0,0
81,A,1,0,0,0
82,B,1,0,0,0
83,A,1,1,1,1
84,B,1,1,1,1
85,A,1,1,1,0
86,A,1,1,0,0
87,B,1,1,1,0
88,A,1,1,0,0
89,B,1,1,1,1
90,B,1,0,0,0
91,B,1,0,0,0
92,B,1,0,0,0
93,B,1,1,0,0
94,B,1,1,0,0
95,B,1,1,1,0
96,B,1,0,0,0
97,B,1,1,1,0
98,B,1,1,1,0
99,B,1,1,0,0
100,A,1,0,0,0
101,A,1,1,0,0
102,B,1,1,1,0
103,B,1,0,0,0
104,B,1,1,0,0
105,B,1,1,1,1
106,B,1,1,0,0
107,B,1,1,1,0
108,B,1,1,1,1
109,B,1,0,0,0
110,A,1,0,0,0
111,B,1,0,0,0
112,A,1,0,0,0
113,B,1,1,0,0
114,B,1,0,0,0
115,A,1,0,0,0
116,B,1,1,1,0
117,A,1,0,0,0
118,B,1,1,0,0
119,B,1,0,0,0
120,A,1,0,0,0
121,B,1,0,0,0
122,A,1,1,1,1
123,B,1,1,1,1
124,A,1,1,0,0
125,A,1,0,0,0
126,B,1,0,0,0
127,B,1,1,0,0
128,A,1,1,1,1
129,B,1,1,0,0
130,B,1,1,0,0
131,B,1,0,0,0
132,A,1,1,1,0
133,A,1,0,0,0
134,A,1,0,0,0
135,A,1,1,0,0
136,A,1,1,1,0
137,A,1,1,1,1
138,A,1,1,1,1
139,A,1,1,1,0
140,A,1,1,1,1
141,B,1,1,1,0
142,A,1,0,0,0
143,B,1,0,0,0
144,B,1,0,0,0
145,B,1,1,1,0
146,A,1,0,0,0
147,A,1,1,1,0
148,A,1,1,1,0
149,A,1,0,0,0
150,B,1,1,1,1
151,A,1,0,0,0
152,A,1,0,0,0
153,A,1,0,0,0
154,A,1,0,0,0
155,A,1,1,0,0
156,B,1,1,0,0
157,A,1,1,0,0
158,B,1,0,0,0
159,A,1,0,0,0
160,B,1,0,0,0
161,A,1,0,0,0
162,A,1,1,1,0
163,B,1,1,0,0
164,B,1,0,0,0
165,B,1,0,0,0
166,A,1,0,0,0
167,B,1,1,1,1
168,A,1,1,0,0
169,A,1,1,0,0
170,B,1,1,1,0
171,B,1,0,0,0
172,A,1,0,0,0
173,A,1,1,0,0
174,B,1,1,1,0
175,B,1,0,0,0
176,B,1,1,1,1
177,A,1,0,0,0
178,A,1,0,0,0
179,A,1,0,0,0
180,A,1,1,1,0
181,A,1,0,0,0
182,A,1,1,1,1
183,B,1,1,1,0
184,A,1,0,0,0
185,A,1,0,0,0
186,A,1,0,0,0
187,B,1,1,0,0
188,A,1,0,0,0
189,A,1,0,0,0
190,B,1,1,0,0
191,A,1,1,1,0
192,A,1,1,0,0
193,A,1,0,0,0
194,A,1,0,0,0
195,A,1,1,0,0
196,B,1,1,0,0
197,B,1,0,0,0
198,B,1,1,0,0
199,A,1,1,1,1
200,A,1,1,1,0
201,A,1,1,0,0
202,B,1,0,0,0
203,A,1,0,0,0
204,A,1,0,0,0
205,B,1,0,0,0
206,A,1,1,1,1
207,B,1,1,1,0
208,B,1,1,0,0
209,B,1,1,1,0
210,A,1,0,0,0
211,A,1,1,1,0
212,A,1,1,1,0
213,A,1,0,0,0
214,A,1,0,0,0
215,A,1,0,0,0
216,A,1,0,0,0
217,B,1,0,0,0
218,A,1,1,0,0
219,B,1,0,0,0
220,A,1,0,0,0
221,A,1,1,1,0
222,A,1,1,0,0
223,B,1,0,0,0
224,B,1,1,0,0
225,B,1,1,0,0
226,B,1,1,1,1
227,A,1,0,0,0
228,B,1,1,1,1
229,A,1,0,0,0
230,A,1,0,0,0
231,B,1,0,0,0
232,B,1,1,1,0
233,B,1,1,1,0
234,B,1,0,0,0
235,B,1,0,0,0
236,B,1,0,0,0
237,B,1,0,0,0
238,B,1,1,1,0
239,A,1,1,0,0
240,B,1,1,1,1
241,B,1,1,1,0
242,A,1,0,0,0
243,B,1,1,0,0
244,A,1,0,0,0
245,A,1,1,1,1
246,B,1,0,0,0
247,A,1,1,1,0
248,A,1,0,0,0
249,A,1,1,1,0
250,A,1,1,0,0
251,B,1,1,1,0
252,A,1,1,0,0
253,B,1,1,1,0
254,A,1,0,0,0
255,A,1,1,1,0
256,A,1,0,0,0
257,A,1,0,0,0
258,B,1,0,0,0
259,B,1,0,0,0
260,A,1,0,0,0
261,A,1,0,0,0
262,B,1,1,1,0
263,A,1,1,1,0
264,A,1,0,0,0
265,A,1,0,0,0
266,B,1,0,0,0
267,B,1,1,1,0
268,B,1,1,1,1
269,A,1,1,1,0
270,A,1,1,0,0
271,B,1,1,1,1
272,B,1,1,0,0
273,B,1,0,0,0
274,B,1,1,1,0
275,A,1,1,1,0
276,B,1,1,1,0
277,A,1,0,0,0
278,B,1,1,0,0
279,A,1,0,0,0
280,B,1,1,1,0
281,B,1,1,1,0
282,B,1,0,0,0
283,B,1,0,0,0
284,A,1,1,1,0
285,B,1,0,0,0
286,A,1,0,0,0
287,A,1,1,1,0
288,A,1,0,0,0
289,A,1,1,1,0
290,B,1,0,0,0
291,A,1,1,1,0
292,A,1,1,1,0
293,A,1,1,1,1
294,B,1,1,0,0
295,B,1,1,0,0
296,B,1,1,1,1
297,B,1,1,0,0
298,A,1,1,1,0
299,A,1,1,1,0
300,B,1,1,1,0
301,A,1,1,1,0
302,A,1,1,1,0
303,A,1,1,0,0
304,B,1,0,0,0
305,B,1,1,1,1
306,A,1,1,1,1
307,B,1,0,0,0
308,B,1,1,0,0
309,B,1,1,1,0
310,B,1,0,0,0
311,B,1,1,1,0
312,A,1,1,1,0
313,B,1,0,0,0
314,A,1,0,0,0
315,A,1,1,1,0
316,B,1,0,0,0
317,A,1,0,0,0
318,A,1,0,0,0
319,A,1,0,0,0
320,B,1,1,1,0
321,B,1,0,0,0
322,A,1,0,0,0
323,B,1,0,0,0
324,B,1,1,0,0
325,B,1,1,1,1
326,B,1,0,0,0
327,A,1,1,0,0
328,A,1,0,0,0
329,B,1,1,1,0
330,B,1,1,1,0
331,A,1,0,0,0
332,A,1,1,1,0
333,B,1,1,1,0
334,A,1,0,0,0
335,B,1,1,1,0
336,B,1,0,0,0
337,A,1,1,1,1
338,A,1,0,0,0
339,B,1,0,0,0
340,B,1,1,0,0
341,A,1,0,0,0
342,B,1,0,0,0
343,A,1,1,1,0
344,B,1,0,0,0
345,A,1,1,0,0
346,A,1,0,0,0
347,A,1,1,0,0
348,B,1,1,1,1
349,B,1,1,1,0
350,A,1,0,0,0
351,B,1,0,0,0
352,A,1,0,0,0
353,A,1,0,0,0
354,B,1,0,0,0
355,B,1,1,1,0
356,A,1,1,1,0
357,B,1,1,1,1
358,B,1,1,1,0
359,A,1,0,0,0
360,A,1,0,0,0
361,B,1,0,0,0
362,A,1,0,0,0
363,A,1,1,1,0
364,B,1,1,1,0
365,A,1,0,0,0
366,A,1,1,0,0
367,B,1,1,1,0
368,B,1,0,0,0
369,A,1,0,0,0
370,A,1,0,0,0
371,B,1,0,0,0
372,B,1,0,0,0
373,B,1,0,0,0
374,B,1,1,0,0
375,A,1,1,1,1
376,B,1,1,1,0
377,B,1,1,0,0
378,A,1,0,0,0
379,B,1,1,1,0
380,A,1,0,0,0
381,B,1,1,1,1
382,B,1,0,0,0
383,B,1,1,1,0
384,A,1,0,0,0
385,A,1,0,0,0
386,B,1,0,0,0
387,A,1,1,1,0
388,A,1,0,0,0
389,A,1,1,1,1
390,A,1,1,1,1
391,A,1,0,0,0
392,A,1,1,1,0
393,B,1,0,0,0
394,B,1,0,0,0
395,A,1,0,0,0
396,B,1,0,0,0
397,B,1,1,0,0
398,B,1,1,1,1
399,B,1,1,1,1
400,A,1,0,0,0
401,B,1,1,1,1
402,B,1,0,0,0
403,A,1,0,0,0
404,A,1,0,0,0
405,B,1,1,1,1
406,B,1,1,0,0
407,B,1,0,0,0
408,B,1,1,0,0
409,B,1,1,1,1
410,B,1,1,1,1
411,A,1,0,0,0
412,B,1,1,1,1
413,B,1,0,0,0
414,A,1,1,1,0
415,A,1,0,0,0
416,A,1,1,1,0
417,A,1,1,0,0
418,B,1,0,0,0
419,B,1,1,1,0
420,B,1,1,1,0
421,B,1,1,1,1
422,B,1,0,0,0
423,B,1,0,0,0
424,A,1,0,0,0
425,B,1,1,0,0
426,A,1,1,1,0
427,A,1,1,0,0
428,B,1,0,0,0
429,A,1,1,0,0
430,B,1,1,1,1
431,A,1,1,0,0
432,B,1,0,0,0
433,A,1,0,0,0
434,B,1,1,1,0
435,B,1,0,0,0
436,B,1,1,1,1
437,B,1,0,0,0
438,B,1,1,1,0
439,A,1,1,1,0
440,A,1,0,0,0
441,A,1,0,0,0
442,B,1,0,0,0
443,A,1,0,0,0
444,B,1,0,0,0
445,B,1,0,0,0
446,A,1,0,0,0
447,A,1,1,1,0
448,B,1,1,0,0
449,A,1,0,0,0
450,B,1,0,0,0
451,B,1,0,0,0
452,B,1,0,0,0
453,B,1,0,0,0
454,B,1,1,1,0
455,A,1,1,0,0
456,A,1,1,1,1
457,B,1,0,0,0
458,B,1,0,0,0
459,A,1,0,0,0
460,A,1,1,1,1
461,B,1,1,0,0
462,A,1,0,0,0
463,B,1,1,1,1
464,A,1,1,1,0
465,B,1,0,0,0
466,A,1,1,1,0
467,B,1,0,0,0
468,A,1,1,1,1
469,A,1,1,1,0
470,B,1,1,0,0
471,A,1,0,0,0
472,B,1,1,1,1
473,A,1,1,1,1
474,B,1,0,0,0
475,A,1,0,0,0
476,B,1,1,1,1
477,A,1,1,0,0
478,B,1,1,0,0
479,A,1,1,0,0
480,B,1,0,0,0
481,B,1,1,1,0
482,B,1,1,1,0
483,A,1,1,0,0
484,B,1,0,0,0
485,A,1,1,1,0
486,B,1,0,0,0
487,A,1,0,0,0
488,B,1,1,1,0
489,A,1,1,0,0
490,A,1,1,0,0
491,B,1,1,0,0
492,A,1,1,1,0
493,A,1,1,1,0
494,B,1,1,1,0
495,A,1,0,0,0
496,A,1,1,1,1
497,A,1,0,0,0
498,B,1,1,1,1
499,A,1,0,0,0
500,B,1,0,0,0
501,A,1,1,0,0
502,A,1,1,0,0
503,A,1,0,0,0
504,B,1,0,0,0
505,A,1,1,1,0
506,A,1,1,1,0
507,B,1,0,0,0
508,A,1,0,0,0
509,B,1,0,0,0
510,B,1,1,1,0
511,A,1,1,0,0
512,B,1,1,1,0
513,A,1,0,0,0
514,B,1,1,1,0
515,B,1,0,0,0
516,A,1,0,0,0
517,B,1,0,0,0
518,B,1,1,1,0
519,B,1,1,1,0
520,B,1,0,0,0
521,B,1,1,1,0
522,A,1,0,0,0
523,B,1,0,0,0
524,A,1,0,0,0
525,B,1,1,1,0
526,A,1,0,0,0
527,A,1,1,0,0
528,B,1,0,0,0
529,B,1,0,0,0
530,B,1,0,0,0
531,A,1,0,0,0
532,B,1,1,1,0
533,A,1,1,1,0
534,A,1,0,0,0
535,A,1,0,0,0
536,B,1,1,1,0
537,B,1,1,1,0
538,A,1,1,0,0
539,A,1,0,0,0
540,B,1,1,0,0
541,A,1,0,0,0
542,B,1,0,0,0
543,A,1,0,0,0
544,B,1,1,0,0
545,A,1,1,1,0
546,B,1,0,0,0
547,A,1,0,0,0
548,B,1,1,1,0
549,B,1,1,0,0
550,A,1,0,0,0
551,A,1,0,0,0
552,B,1,1,1,0
553,A,1,0,0,0
554,B,1,1,0,0
555,A,1,1,0,0
556,B,1,0,0,0
557,B,1,0,0,0
558,B,1,1,1,0
559,B,1,1,1,1
560,B,1,0,0,0
561,B,1,1,1,1
562,A,1,0,0,0
563,A,1,1,0,0
564,A,1,1,1,1
565,B,1,0,0,0
566,B,1,1,1,0
567,B,1,1,1,0
568,B,1,0,0,0
569,A,1,0,0,0
570,A,1,1,1,0
571,B,1,0,0,0
572,A,1,1,1,1
573,A,1,0,0,0
574,B,1,1,0,0
575,A,1,1,0,0
576,B,1,0,0,0
577,A,1,1,1,1
578,B,1,1,1,0
579,B,1,1,1,1
580,B,1,0,0,0
581,B,1,0,0,0
582,A,1,1,1,0
583,B,1,1,1,0
584,B,1,1,1,1
585,B,1,0,0,0
586,A,1,1,0,0
587,B,1,1,0,0
588,A,1,0,0,0
589,B,1,1,1,0
590,A,1,0,0,0
591,A,1,0,0,0
592,B,1,0,0,0
593,A,1,0,0,0
594,B,1,0,0,0
595,B,1,1,1,1
596,B,1,0,0,0
597,A,1,1,1,0
598,A,1,0,0,0
599,B,1,1,1,0
600,B,1,1,1,0
601,A,1,0,0,0
602,B,1,0,0,0
603,B,1,0,0,0
604,B,1,1,1,1
605,A,1,0,0,0
606,A,1,0,0,0
607,A,1,1,1,0
608,B,1,1,1,1
609,B,1,1,0,0
610,B,1,0,0,0
611,A,1,1,1,0
612,B,1,1,1,0
613,B,1,0,0,0
614,B,1,1,0,0
615,B,1,1,1,0
616,A,1,1,1,0
617,A,1,1,0,0
618,B,1,1,1,0
619,A,1,0,0,0
620,A,1,0,0,0
621,B,1,1,1,0
622,B,1,1,1,0
623,A,1,0,0,0
624,B,1,1,0,0
625,A,1,1,1,0
626,B,1,0,0,0
627,A,1,1,1,0
628,B,1,1,0,0
629,A,1,1,0,0
630,A,1,1,1,0
631,A,1,1,0,0
632,B,1,0,0,0
633,A,1,1,0,0
634,A,1,1,1,0
635,B,1,1,0,0
636,B,1,0,0,0
637,A,1,1,1,1
638,A,1,1,0,0
639,B,1,1,1,1
640,B,1,1,1,0
641,B,1,1,1,1
642,B,1,0,0,0
643,B,1,1,1,0
644,A,1,1,1,0
645,B,1,1,0,0
646,A,1,0,0,0
647,A,1,1,1,1
648,A,1,1,0,0
649,B,1,0,0,0
650,A,1,0,0,0
651,A,1,1,1,0
652,B,1,1,0,0
653,A,1,1,1,0
654,A,1,0,0,0
655,B,1,1,0,0
656,A,1,1,1,0
657,A,1,1,0,0
658,A,1,0,0,0
659,B,1,0,0,0
660,B,1,1,0,0
661,B,1,1,0,0
662,A,1,0,0,0
663,A,1,0,0,0
664,B,1,1,1,0
665,A,1,0,0,0
666,A,1,0,0,0
667,B,1,0,0,0
668,B,1,1,0,0
669,A,1,1,1,0
670,A,1,0,0,0
671,A,1,1,0,0
672,B,1,1,0,0
673,B,1,1,1,0
674,B,1,1,1,1
675,B,1,1,1,0
676,A,1,0,0,0
677,B,1,0,0,0
678,B,1,0,0,0
679,B,1,0,0,0
680,B,1,0,0,0
681,B,1,1,1,0
682,A,1,0,0,0
683,A,1,0,0,0
684,B,1,1,0,0
685,A,1,1,1,0
686,B,1,1,1,1
687,B,1,1,1,0
688,A,1,0,0,0
689,A,1,1,1,1
690,B,1,0,0,0
691,B,1,1,0,0
692,B,1,0,0,0
693,A,1,1,1,0
694,B,1,1,1,0
695,B,1,1,1,0
696,B,1,1,1,1
697,A,1,1,0,0
698,B,1,0,0,0
699,B,1,1,1,0
700,A,1,0,0,0
701,B,1,1,1,0
702,B,1,1,1,0
703,A,1,0,0,0
704,B,1,0,0,0
705,A,1,1,0,0
706,A,1,1,1,1
707,B,1,0,0,0
708,B,1,0,0,0
709,B,1,1,1,0
710,B,1,0,0,0
711,A,1,0,0,0
712,B,1,0,0,0
713,A,1,0,0,0
714,B,1,0,0,0
715,B,1,1,1,0
716,B,1,1,1,0
717,A,1,0,0,0
718,B,1,1,1,0
719,B,1,0,0,0
720,B,1,0,0,0
721,B,1,1,0,0
722,A,1,0,0,0
723,B,1,1,1,1
724,A,1,0,0,0
725,A,1,0,0,0
726,A,1,1,1,0
727,A,1,0,0,0
728,A,1,0,0,0
729,A,1,0,0,0
730,B,1,1,1,0
731,A,1,1,1,0
732,A,1,1,1,0
733,A,1,0,0,0
734,B,1,1,1,0
735,B,1,1,1,0
736,A,1,0,0,0
737,B,1,1,0,0
738,A,1,1,0,0
739,A,1,1,1,1
740,B,1,1,1,1
741,A,1,0,0,0
742,B,1,1,0,0
743,B,1,1,1,0
744,A,1,1,1,1
745,A,1,1,1,1
746,B,1,1,0,0
747,A,1,1,1,0
748,A,1,0,0,0
749,A,1,1,0,0
750,B,1,0,0,0
751,B,1,1,0,0
752,A,1,0,0,0
753,B,1,0,0,0
754,B,1,1,1,0
755,B,1,1,1,0
756,B,1,1,0,0
757,B,1,0,0,0
758,A,1,0,0,0
759,A,1,0,0,0
760,A,1,1,0,0
761,B,1,1,1,1
762,B,1,1,1,0
763,A,1,0,0,0
764,B,1,1,1,1
765,A,1,1,0,0
766,A,1,0,0,0
767,A,1,0,0,0
768,B,1,1,1,1
769,B,1,0,0,0
770,A,1,1,0,0
771,A,1,0,0,0
772,A,1,0,0,0
773,A,1,1,1,0
774,B,1,1,1,0
775,B,1,0,0,0
776,A,1,1,0,0
777,A,1,1,1,0
778,B,1,1,1,0
779,B,1,1,1,0
780,A,1,1,1,1
781,A,1,0,0,0
782,A,1,0,0,0
783,B,1,0,0,0
784,B,1,0,0,0
785,B,1,1,1,0
786,A,1,0,0,0
787,A,1,0,0,0
788,B,1,0,0,0
789,B,1,0,0,0
790,A,1,0,0,0
791,B,1,1,0,0
792,B,1,0,0,0
793,A,1,0,0,0
794,B,1,1,1,0
795,A,1,1,0,0
796,A,1,0,0,0
797,A,1,1,1,1
798,A,1,0,0,0
799,A,1,0,0,0
800,A,1,1,0,0
801,A,1,0,0,0
802,B,1,0,0,0
803,A,1,1,0,0
804,A,1,0,0,0
805,B,1,1,1,0
806,B,1,1,1,0
807,B,1,1,1,0
808,A,1,0,0,0
809,B,1,1,1,1
810,A,1,0,0,0
811,A,1,1,1,0
812,A,1,1,1,0
813,A,1,1,1,0
814,B,1,1,1,0
815,B,1,1,1,0
816,A,1,1,1,0
817,A,1,0,0,0
818,A,1,0,0,0
819,B,1,0,0,0
820,A,1,1,1,0
821,A,1,1,1,0
822,B,1,1,0,0
823,B,1,0,0,0
824,A,1,1,1,0
825,B,1,0,0,0
826,B,1,0,0,0
827,A,1,1,1,0
828,B,1,1,0,0
829,A,1,0,0,0
830,B,1,0,0,0
831,A,1,1,0,0
832,A,1,1,1,0
833,A,1,0,0,0
834,B,1,1,1,1
835,A,1,1,0,0
836,B,1,0,0,0
837,A,1,1,0,0
838,A,1,1,1,0
839,B,1,1,1,0
840,A,1,1,0,0
841,A,1,1,0,0
842,B,1,1,1,0
843,A,1,1,1,0
844,A,1,0,0,0
845,A,1,0,0,0
846,A,1,1,0,0
847,B,1,1,0,0
848,B,1,1,1,0
849,A,1,0,0,0
850,B,1,1,1,0
851,A,1,0,0,0
852,B,1,1,1,0
853,A,1,1,0,0
854,A,1,1,1,0
855,A,1,0,0,0
856,A,1,0,0,0
857,A,1,1,1,0
858,A,1,0,0,0
859,B,1,0,0,0
860,A,1,1,1,0
861,B,1,0,0,0
862,A,1,0,0,0
863,B,1,0,0,0
864,B,1,1,1,0
865,B,1,0,0,0
866,A,1,1,0,0
867,A,1,0,0,0
868,B,1,1,0,0
869,A,1,0,0,0
870,B,1,0,0,0
871,A,1,0,0,0
872,B,1,1,1,0
873,B,1,1,1,0
874,A,1,1,0,0
875,B,1,0,0,0
876,A,1,1,1,0
877,B,1,0,0,0
878,B,1,1,1,1
879,A,1,0,0,0
880,A,1,1,1,1
881,A,1,0,0,0
882,B,1,1,1,0
883,A,1,0,0,0
884,B,1,1,0,0
885,B,1,1,1,0
886,A,1,1,1,0
887,A,1,0,0,0
888,B,1,1,1,0
889,B,1,1,1,0
890,A,1,1,1,0
891,A,1,0,0,0
892,A,1,1,1,0
893,A,1,1,0,0
894,A,1,0,0,0
895,B,1,0,0,0
896,B,1,0,0,0
897,B,1,0,0,0
898,B,1,0,0,0
899,A,1,0,0,0
900,A,1,1,0,0
901,A,1,0,0,0
902,B,1,1,0,0
903,B,1,0,0,0
904,A,1,0,0,0
905,A,1,1,1,0
906,B,1,0,0,0
907,B,1,0,0,0
908,A,1,1,1,1
909,A,1,0,0,0
910,B,1,1,1,1
911,A,1,0,0,0
912,A,1,0,0,0
913,A,1,0,0,0
914,B,1,1,1,0
915,B,1,0,0,0
916,B,1,1,1,0
917,B,1,1,0,0
918,B,1,0,0,0
919,B,1,1,0,0
920,B,1,1,1,1
921,A,1,1,1,1
922,A,1,1,1,0
923,A,1,1,1,1
924,A,1,0,0,0
925,A,1,1,1,1
926,A,1,1,1,1
927,A,1,1,1,0
928,B,1,0,0,0
929,B,1,0,0,0
930,A,1,1,1,0
931,A,1,1,1,0
932,B,1,0,0,0
933,A,1,1,1,0
934,A,1,0,0,0
935,B,1,0,0,0
936,A,1,0,0,0
937,B,1,1,1,0
938,A,1,1,1,1
939,B,1,0,0,0
940,B,1,0,0,0
941,B,1,1,1,0
942,A,1,1,1,1
943,B,1,1,0,0
944,A,1,1,1,1
945,A,1,1,1,0
946,A,1,1,0,0
947,A,1,1,1,0
948,B,1,0,0,0
949,B,1,1,1,1
950,A,1,0,0,0
951,A,1,0,0,0
952,B,1,0,0,0
953,A,1,1,0,0
954,B,1,1,1,0
955,A,1,1,0,0
956,A,1,0,0,0
957,B,1,1,1,0
958,A,1,1,1,0
959,B,1,0,0,0
960,A,1,1,1,0
961,A,1,0,0,0
962,A,1,0,0,0
963,B,1,0,0,0
964,A,1,1,0,0
965,A,1,0,0,0
966,A,1,1,1,0
967,A,1,0,0,0
968,B,1,0,0,0
969,B,1,0,0,0
970,A,1,0,0,0
971,B,1,1,1,0
972,A,1,1,1,0
973,A,1,1,1,0
974,A,1,1,1,0
975,B,1,0,0,0
976,B,1,0,0,0
977,B,1,0,0,0
978,B,1,1,0,0
979,B,1,1,0,0
980,B,1,1,0,0
981,B,1,1,1,0
982,B,1,1,1,0
983,B,1,1,0,0
984,A,1,1,0,0
985,B,1,1,0,0
986,B,1,1,0,0
987,B,1,1,1,0
988,B,1,1,1,0
989,B,1,1,1,0
990,B,1,1,1,0
991,B,1,1,0,0
992,B,1,0,0,0
993,B,1,0,0,0
994,B,1,0,0,0
995,B,1,0,0,0
996,A,1,0,0,0
997,A,1,1,0,0
998,B,1,0,0,0
999,B,1,1,1,0
1000,A,1,1,1,1
1001,B,1,1,1,0
1002,A,1,1,1,0
1003,A,1,1,1,0
1004,A,1,0,0,0
1005,A,1,1,1,0
1006,A,1,1,0,0
1007,B,1,0,0,0
1008,A,1,0,0,0
1009,B,1,0,0,0
1010,B,1,1,1,0
1011,A,1,0,0,0
1012,A,1,0,0,0
1013,B,1,0,0,0
1014,A,1,1,0,0
1015,A,1,1,1,0
1016,B,1,0,0,0
1017,B,1,1,0,0
1018,A,1,0,0,0
1019,B,1,1,1,0
1020,A,1,0,0,0
1021,A,1,0,0,0
1022,A,1,0,0,0
1023,B,1,1,1,0
1024,B,1,1,1,1
1025,B,1,1,1,0
1026,B,1,1,1,1
1027,B,1,0,0,0
1028,A,1,1,0,0
1029,A,1,1,0,0
1030,A,1,0,0,0
1031,A,1,0,0,0
1032,B,1,0,0,0
1033,A,1,0,0,0
1034,B,1,1,0,0
1035,A,1,0,0,0
1036,B,1,1,1,0
1037,B,1,1,1,0
1038,A,1,0,0,0
1039,A,1,1,1,1
1040,A,1,0,0,0
1041,A,1,0,0,0
1042,B,1,0,0,0
1043,A,1,0,0,0
1044,A,1,0,0,0
1045,B,1,0,0,0
1046,A,1,0,0,0
1047,A,1,0,0,0
1048,A,1,0,0,0
1049,A,1,0,0,0
1050,A,1,1,1,0
1051,B,1,0,0,0
1052,A,1,0,0,0
1053,A,1,1,1,1
1054,A,1,1,1,0
1055,A,1,0,0,0
1056,A,1,1,0,0
1057,B,1,1,1,0
1058,A,1,0,0,0
1059,B,1,1,0,0
1060,B,1,1,0,0
1061,A,1,0,0,0
1062,A,1,1,0,0
1063,A,1,0,0,0
1064,A,1,0,0,0
1065,B,1,1,1,0
1066,A,1,1,1,0
1067,A,1,1,0,0
1068,A,1,1,0,0
1069,A,1,1,1,1
1070,A,1,1,1,1
1071,A,1,0,0,0
1072,B,1,1,1,0
1073,B,1,0,0,0
1074,A,1,1,1,0
1075,A,1,1,0,0
1076,A,1,0,0,0
1077,B,1,1,0,0
1078,A,1,0,0,0
1079,B,1,0,0,0
1080,A,1,0,0,0
1081,A,1,0,0,0
1082,A,1,1,0,0
1083,A,1,0,0,0
1084,B,1,0,0,0
1085,B,1,1,1,0
1086,A,1,0,0,0
1087,A,1,0,0,0
1088,B,1,0,0,0
1089,B,1,1,1,0
1090,B,1,1,0,0
1091,B,1,0,0,0
1092,A,1,0,0,0
1093,B,1,1,1,1
1094,A,1,1,0,0
1095,B,1,1,0,0
1096,B,1,0,0,0
1097,B,1,1,1,0
1098,B,1,1,1,0
1099,B,1,1,1,0
1100,A,1,1,0,0
1101,A,1,0,0,0
1102,B,1,1,0,0
1103,B,1,1,0,0
1104,A,1,0,0,0
1105,B,1,1,1,0
1106,B,1,1,1,0
1107,A,1,1,0,0
1108,B,1,1,1,0
1109,B,1,0,0,0
1110,A,1,1,0,0
1111,A,1,1,1,0
1112,A,1,0,0,0
1113,B,1,1,0,0
1114,A,1,1,1,0
1115,A,1,0,0,0
1116,A,1,0,0,0
1117,A,1,1,0,0
1118,A,1,1,1,0
1119,A,1,1,1,0
1120,B,1,1,1,0
1121,B,1,0,0,0
1122,A,1,0,0,0
1123,A,1,0,0,0
1124,A,1,1,0,0
1125,B,1,1,1,0
1126,B,1,1,1,0
1127,B,1,1,1,0
1128,B,1,0,0,0
1129,B,1,0,0,0
1130,B,1,0,0,0
1131,B,1,0,0,0
1132,B,1,1,1,0
1133,B,1,1,1,0
1134,A,1,0,0,0
1135,A,1,0,0,0
1136,A,1,0,0,0
1137,A,1,1,0,0
1138,B,1,1,1,0
1139,B,1,1,1,0
1140,A,1,0,0,0
1141,B,1,1,0,0
1142,A,1,1,1,0
1143,B,1,1,1,0
1144,A,1,0,0,0
1145,B,1,0,0,0
1146,B,1,1,1,0
1147,A,1,0,0,0
1148,B,1,1,1,0
1149,A,1,1,0,0
1150,A,1,1,1,0
1151,A,1,1,1,0
1152,A,1,0,0,0
1153,B,1,0,0,0
1154,B,1,1,1,0
1155,B,1,1,1,0
1156,A,1,0,0,0
1157,B,1,1,1,0
1158,A,1,1,1,0
1159,B,1,0,0,0
1160,B,1,0,0,0
1161,B,1,1,1,1
1162,A,1,1,1,0
1163,B,1,1,1,0
1164,B,1,1,1,0
1165,A,1,1,1,0
1166,B,1,1,1,1
1167,A,1,1,0,0
1168,B,1,1,1,0
1169,A,1,0,0,0
1170,A,1,0,0,0
1171,B,1,1,0,0
1172,A,1,0,0,0
1173,A,1,1,1,0
1174,A,1,0,0,0
1175,A,1,1,1,1
1176,A,1,0,0,0
1177,A,1,0,0,0
1178,B,1,1,0,0
1179,A,1,1,1,0
1180,A,1,0,0,0
1181,B,1,0,0,0
1182,B,1,1,0,0
1183,B,1,0,0,0
1184,B,1,1,1,0
1185,B,1,0,0,0
1186,B,1,1,1,0
1187,B,1,0,0,0
1188,A,1,0,0,0
1189,A,1,0,0,0
1190,B,1,1,1,1
1191,A,1,1,1,0
1192,A,1,1,0,0
1193,A,1,1,1,1
1194,B,1,1,1,0
1195,B,1,1,1,0
1196,A,1,0,0,0
1197,B,1,0,0,0
1198,A,1,1,1,0
1199,A,1,1,1,0
1200,A,1,0,0,0
1201,A,1,1,0,0
1202,B,1,0,0,0
1203,B,1,1,1,1
1204,B,1,0,0,0
1205,A,1,1,1,0
1206,B,1,0,0,0
1207,A,1,1,0,0
1208,B,1,1,1,0
1209,A,1,0,0,0
1210,A,1,1,0,0
1211,A,1,0,0,0
1212,B,1,0,0,0
1213,B,1,0,0,0
1214,B,1,0,0,0
1215,B,1,0,0,0
1216,A,1,0,0,0
1217,B,1,1,1,0
1218,B,1,1,0,0
1219,A,1,0,0,0
1220,A,1,0,0,0
1221,A,1,0,0,0
1222,B,1,0,0,0
1223,A,1,1,1,0
1224,A,1,0,0,0
1225,A,1,0,0,0
1226,B,1,0,0,0
1227,A,1,0,0,0
1228,B,1,1,1,1
1229,B,1,1,1,0
1230,A,1,1,1,0
1231,A,1,0,0,0
1232,B,1,0,0,0
1233,A,1,0,0,0
1234,A,1,1,1,1
1235,B,1,1,1,1
1236,B,1,1,0,0
1237,A,1,1,1,1
1238,B,1,0,0,0
1239,A,1,1,1,0
1240,A,1,1,1,1
1241,A,1,1,1,0
1242,B,1,0,0,0
1243,A,1,1,1,0
1244,A,1,0,0,0
1245,A,1,0,0,0
1246,B,1,1,1,0
1247,B,1,0,0,0
1248,B,1,1,1,0
1249,B,1,1,1,1
1250,B,1,0,0,0
1251,A,1,1,1,0
1252,B,1,0,0,0
1253,B,1,1,1,0
1254,B,1,0,0,0
1255,A,1,0,0,0
1256,B,1,1,0,0
1257,B,1,1,1,0
1258,A,1,0,0,0
1259,B,1,1,1,0
1260,A,1,1,1,0
1261,A,1,0,0,0
1262,A,1,1,0,0
1263,A,1,1,1,0
1264,A,1,0,0,0
1265,B,1,1,1,1
1266,A,1,0,0,0
1267,A,1,1,0,0
1268,B,1,1,1,0
1269,A,1,0,0,0
1270,B,1,1,1,0
1271,B,1,1,1,0
1272,B,1,0,0,0
1273,A,1,0,0,0
1274,A,1,1,1,1
1275,A,1,1,0,0
1276,B,1,0,0,0
1277,A,1,1,0,0
1278,A,1,1,1,0
1279,A,1,1,0,0
1280,B,1,0,0,0
1281,B,1,1,1,1
1282,A,1,0,0,0
1283,A,1,0,0,0
1284,A,1,1,0,0
1285,A,1,1,1,0
1286,B,1,1,1,0
1287,B,1,1,1,1
1288,B,1,1,0,0
1289,B,1,1,1,1
1290,A,1,1,0,0
1291,A,1,0,0,0
1292,A,1,0,0,0
1293,B,1,1,1,0
1294,A,1,1,0,0
1295,B,1,1,1,1
1296,B,1,0,0,0
1297,A,1,1,1,1
1298,A,1,0,0,0
1299,A,1,0,0,0
1300,B,1,1,1,1
1301,A,1,0,0,0
1302,B,1,0,0,0
1303,A,1,1,1,1
1304,B,1,0,0,0
1305,B,1,1,0,0
1306,A,1,1,0,0
1307,B,1,1,1,0
1308,B,1,1,0,0
1309,A,1,0,0,0
1310,B,1,1,1,0
1311,A,1,1,1,1
1312,B,1,1,1,0
1313,A,1,0,0,0
1314,A,1,1,1,0
1315,B,1,1,0,0
1316,B,1,1,0,0
1317,B,1,1,1,0
1318,B,1,0,0,0
1319,B,1,0,0,0
1320,A,1,0,0,0
1321,B,1,1,1,0
1322,A,1,0,0,0
1323,A,1,1,1,1
1324,B,1,1,1,0
1325,A,1,0,0,0
1326,A,1,0,0,0
1327,A,1,0,0,0
1328,A,1,0,0,0
1329,B,1,0,0,0
1330,A,1,0,0,0
1331,B,1,1,1,0
1332,B,1,0,0,0
1333,A,1,1,0,0
1334,B,1,1,1,1
1335,B,1,1,0,0
1336,B,1,1,1,0
1337,A,1,1,1,1
1338,B,1,1,1,1
1339,B,1,0,0,0
1340,B,1,0,0,0
1341,A,1,1,1,0
1342,B,1,1,0,0
1343,A,1,0,0,0
1344,A,1,0,0,0
1345,A,1,0,0,0
1346,A,1,1,0,0
1347,A,1,1,0,0
1348,A,1,1,0,0
1349,B,1,0,0,0
1350,A,1,0,0,0
1351,B,1,1,0,0
1352,B,1,1,1,0
1353,A,1,1,1,1
1354,B,1,0,0,0
1355,B,1,0,0,0
1356,B,1,1,1,1
1357,B,1,1,1,0
1358,A,1,1,1,1
1359,B,1,1,1,0
1360,A,1,1,1,0
1361,B,1,0,0,0
1362,B,1,0,0,0
1363,A,1,0,0,0
1364,B,1,1,1,1
1365,B,1,1,1,1
1366,B,1,1,0,0
1367,A,1,0,0,0
1368,B,1,0,0,0
1369,A,1,1,1,0
1370,B,1,1,1,0
1371,A,1,0,0,0
1372,A,1,0,0,0
1373,B,1,1,0,0
1374,B,1,0,0,0
1375,A,1,0,0,0
1376,A,1,0,0,0
1377,B,1,1,1,0
1378,A,1,1,1,0
1379,B,1,1,1,0
1380,B,1,1,1,1
1381,B,1,1,1,0
1382,B,1,0,0,0
1383,A,1,1,1,0
1384,B,1,1,1,0
1385,A,1,1,0,0
1386,B,1,0,0,0
1387,A,1,1,0,0
1388,B,1,0,0,0
1389,A,1,1,1,0
1390,A,1,0,0,0
1391,B,1,0,0,0
1392,B,1,1,0,0
1393,B,1,0,0,0
1394,B,1,1,1,1
1395,A,1,1,1,0
1396,B,1,0,0,0
1397,A,1,0,0,0
1398,A,1,1,1,0
1399,B,1,1,1,1
1400,A,1,1,0,0
1401,A,1,0,0,0
1402,A,1,0,0,0
1403,A,1,1,0,0
1404,B,1,1,0,0
1405,B,1,0,0,0
1406,B,1,1,1,0
1407,B,1,1,1,1
1408,A,1,0,0,0
1409,A,1,1,1,1
1410,B,1,1,0,0
1411,B,1,1,0,0
1412,B,1,1,0,0
1413,A,1,0,0,0
1414,B,1,0,0,0
1415,B,1,0,0,0
1416,B,1,1,1,1
1417,A,1,1,1,1
1418,A,1,0,0,0
1419,A,1,1,1,1
1420,A,1,1,1,0
1421,A,1,1,1,0
1422,A,1,0,0,0
1423,A,1,1,1,0
1424,A,1,0,0,0
1425,B,1,0,0,0
1426,B,1,1,1,0
1427,A,1,1,1,0
1428,A,1,1,1,0
1429,B,1,0,0,0
1430,A,1,0,0,0
1431,A,1,1,1,0
1432,A,1,0,0,0
1433,B,1,0,0,0
1434,B,1,1,0,0
1435,B,1,1,1,0
1436,B,1,1,1,0
1437,B,1,1,1,0
1438,A,1,0,0,0
1439,B,1,1,1,0
1440,A,1,0,0,0
1441,A,1,1,1,0
1442,B,1,0,0,0
1443,B,1,1,0,0
1444,A,1,0,0,0
1445,A,1,0,0,0
1446,A,1,0,0,0
1447,B,1,0,0,0
1448,B,1,0,0,0
1449,B,1,1,1,0
1450,B,1,1,1,1
1451,B,1,1,1,1
1452,A,1,1,0,0
1453,B,1,0,0,0
1454,A,1,0,0,0
1455,A,1,0,0,0
1456,A,1,1,1,1
1457,B,1,0,0,0
1458,B,1,1,0,0
1459,B,1,1,1,0
1460,A,1,0,0,0
1461,A,1,1,1,0
1462,A,1,0,0,0
1463,A,1,0,0,0
1464,A,1,1,1,0
1465,A,1,0,0,0
1466,B,1,0,0,0
1467,B,1,1,1,1
1468,B,1,1,0,0
1469,B,1,1,1,1
1470,A,1,0,0,0
1471,A,1,1,1,0
1472,B,1,1,1,0
1473,A,1,0,0,0
1474,B,1,0,0,0
1475,B,1,1,1,1
1476,B,1,0,0,0
1477,A,1,0,0,0
1478,B,1,1,0,0
1479,B,1,1,1,0
1480,B,1,1,1,0
1481,A,1,1,0,0
1482,A,1,1,1,1
1483,B,1,1,1,0
1484,A,1,0,0,0
1485,A,1,1,1,1
1486,A,1,1,0,0
1487,A,1,0,0,0
1488,A,1,0,0,0
1489,A,1,0,0,0
1490,A,1,1,1,0
1491,A,1,0,0,0
1492,A,1,0,0,0
1493,A,1,1,1,0
1494,B,1,1,1,0
1495,B,1,1,1,1
1496,A,1,0,0,0
1497,B,1,1,1,1
1498,B,1,1,0,0
1499,A,1,1,1,0
1500,A,1,0,0,0
1501,A,1,1,0,0
1502,B,1,0,0,0
1503,B,1,0,0,0
1504,A,1,0,0,0
1505,A,1,0,0,0
1506,A,1,0,0,0
1507,B,1,1,1,0
1508,B,1,1,1,0
1509,B,1,0,0,0
1510,B,1,1,1,1
1511,A,1,0,0,0
1512,A,1,0,0,0
1513,A,1,1,1,0
1514,A,1,0,0,0
1515,B,1,0,0,0
1516,B,1,1,1,0
1517,A,1,1,1,1
1518,A,1,1,0,0
1519,B,1,1,1,1
1520,A,1,0,0,0
1521,B,1,1,1,1
1522,A,1,0,0,0
1523,A,1,1,1,0
1524,A,1,1,1,0
1525,A,1,1,1,0
1526,A,1,1,1,0
1527,A,1,0,0,0
1528,A,1,0,0,0
1529,B,1,0,0,0
1530,B,1,1,1,0
1531,B,1,0,0,0
1532,B,1,1,0,0
1533,B,1,1,1,1
1534,A,1,1,0,0
1535,A,1,0,0,0
1536,B,1,0,0,0
1537,A,1,1,1,0
1538,B,1,0,0,0
1539,B,1,0,0,0
1540,A,1,1,1,0
1541,A,1,1,1,0
1542,A,1,0,0,0
1543,B,1,1,0,0
1544,A,1,1,1,0
1545,B,1,1,1,0
1546,B,1,1,1,0
1547,B,1,1,1,0
1548,A,1,1,1,0
1549,A,1,1,0,0
1550,B,1,1,1,0
1551,A,1,1,0,0
1552,A,1,1,1,0
1553,A,1,1,1,0
1554,B,1,1,1,0
1555,B,1,0,0,0
1556,A,1,0,0,0
1557,B,1,0,0,0
1558,A,1,0,0,0
1559,A,1,1,1,0
1560,A,1,1,1,1
1561,A,1,0,0,0
1562,B,1,1,0,0
1563,B,1,0,0,0
1564,B,1,1,1,0
1565,A,1,1,1,1
1566,A,1,0,0,0
1567,A,1,0,0,0
1568,B,1,0,0,0
1569,A,1,1,1,1
1570,B,1,0,0,0
1571,B,1,1,0,0
1572,B,1,0,0,0
1573,B,1,1,1,0
1574,B,1,0,0,0
1575,B,1,0,0,0
1576,A,1,1,0,0
1577,A,1,0,0,0
1578,B,1,1,0,0
1579,B,1,0,0,0
1580,A,1,0,0,0
1581,B,1,0,0,0
1582,B,1,1,1,1
1583,A,1,1,1,1
1584,B,1,0,0,0
1585,B,1,1,1,0
1586,B,1,1,1,0
1587,A,1,0,0,0
1588,A,1,1,0,0
1589,A,1,1,1,0
1590,B,1,1,1,0
1591,B,1,0,0,0
1592,A,1,0,0,0
1593,B,1,1,1,0
1594,B,1,0,0,0
1595,B,1,1,1,0
1596,B,1,1,0,0
1597,B,1,1,1,0
1598,A,1,0,0,0
1599,B,1,1,0,0
1600,A,1,0,0,0
1601,B,1,0,0,0
1602,A,1,0,0,0
1603,B,1,1,1,0
1604,A,1,0,0,0
1605,B,1,1,1,1
1606,A,1,1,1,0
1607,B,1,0,0,0
1608,A,1,0,0,0
1609,B,1,0,0,0
1610,A,1,1,0,0
1611,A,1,1,0,0
1612,B,1,1,1,0
1613,B,1,1,1,0
1614,A,1,0,0,0
1615,B,1,0,0,0
1616,A,1,0,0,0
1617,A,1,1,1,0
1618,A,1,0,0,0
1619,B,1,1,0,0
1620,A,1,1,0,0
1621,A,1,0,0,0
1622,B,1,1,1,0
1623,B,1,0,0,0
1624,B,1,0,0,0
1625,B,1,0,0,0
1626,A,1,1,0,0
1627,A,1,1,1,0
1628,A,1,1,1,0
1629,A,1,0,0,0
1630,B,1,1,0,0
1631,A,1,0,0,0
1632,A,1,0,0,0
1633,B,1,0,0,0
1634,A,1,1,1,0
1635,A,1,1,0,0
1636,A,1,0,0,0
1637,A,1,1,0,0
1638,A,1,0,0,0
1639,A,1,1,1,0
1640,B,1,1,1,0
1641,B,1,1,1,0
1642,A,1,0,0,0
1643,A,1,0,0,0
1644,B,1,0,0,0
1645,A,1,1,0,0
1646,A,1,1,1,0
1647,A,1,0,0,0
1648,B,1,1,1,0
1649,A,1,1,1,0
1650,B,1,0,0,0
1651,A,1,0,0,0
1652,B,1,1,1,1
1653,B,1,0,0,0
1654,A,1,0,0,0
1655,B,1,1,1,1
1656,A,1,0,0,0
1657,B,1,1,0,0
1658,A,1,1,1,0
1659,A,1,1,0,0
1660,B,1,1,1,0
1661,A,1,1,0,0
1662,A,1,0,0,0
1663,B,1,1,0,0
1664,A,1,0,0,0
1665,A,1,1,0,0
1666,B,1,1,0,0
1667,B,1,1,0,0
1668,A,1,0,0,0
1669,A,1,0,0,0
1670,B,1,1,1,0
1671,B,1,1,1,1
1672,A,1,1,0,0
1673,B,1,1,1,0
1674,A,1,1,1,1
1675,A,1,1,1,1
1676,A,1,1,1,1
1677,A,1,1,1,0
1678,A,1,1,0,0
1679,B,1,1,1,0
1680,B,1,1,1,0
1681,B,1,1,1,0
1682,B,1,0,0,0
1683,A,1,1,1,1
1684,A,1,0,0,0
1685,A,1,0,0,0
1686,A,1,1,0,0
1687,B,1,1,0,0
1688,A,1,1,1,1
1689,A,1,1,0,0
1690,B,1,0,0,0
1691,B,1,0,0,0
1692,B,1,0,0,0
1693,B,1,1,0,0
1694,A,1,1,0,0
1695,A,1,1,0,0
1696,B,1,1,1,0
1697,A,1,0,0,0
1698,A,1,0,0,0
1699,A,1,0,0,0
1700,B,1,0,0,0
1701,A,1,1,0,0
1702,B,1,1,1,1
1703,A,1,0,0,0
1704,A,1,1,1,1
1705,A,1,0,0,0
1706,B,1,1,1,0
1707,A,1,1,1,0
1708,B,1,1,0,0
1709,B,1,1,0,0
1710,B,1,1,1,0
1711,A,1,0,0,0
1712,A,1,1,0,0
1713,A,1,1,1,0
1714,A,1,0,0,0
1715,B,1,0,0,0
1716,B,1,0,0,0
1717,B,1,1,1,0
1718,A,1,0,0,0
1719,B,1,0,0,0
1720,A,1,0,0,0
1721,B,1,1,1,1
1722,A,1,1,1,1
1723,A,1,1,1,0
1724,B,1,0,0,0
1725,B,1,1,0,0
1726,B,1,0,0,0
1727,B,1,1,1,0
1728,A,1,1,0,0
1729,B,1,1,1,0
1730,B,1,1,0,0
1731,B,1,0,0,0
1732,A,1,1,1,1
1733,A,1,0,0,0
1734,B,1,0,0,0
1735,A,1,0,0,0
1736,B,1,1,1,1
1737,A,1,0,0,0
1738,A,1,1,1,0
1739,A,1,1,1,0
1740,A,1,0,0,0
1741,B,1,0,0,0
1742,B,1,1,0,0
1743,B,1,0,0,0
1744,A,1,0,0,0
1745,B,1,1,1,1
1746,B,1,0,0,0
1747,B,1,1,1,0
1748,A,1,0,0,0
1749,A,1,1,1,0
1750,A,1,1,1,1
1751,B,1,1,1,0
1752,B,1,1,1,1
1753,B,1,1,1,0
1754,A,1,1,1,1
1755,A,1,0,0,0
1756,B,1,0,0,0
1757,A,1,1,1,0
1758,A,1,0,0,0
1759,A,1,0,0,0
1760,A,1,0,0,0
1761,B,1,1,1,0
1762,A,1,1,1,1
1763,A,1,0,0,0
1764,A,1,0,0,0
1765,A,1,1,0,0
1766,B,1,1,1,0
1767,B,1,0,0,0
1768,A,1,0,0,0
1769,A,1,1,1,1
1770,A,1,1,1,0
1771,A,1,1,1,0
1772,A,1,1,1,0
1773,A,1,0,0,0
1774,B,1,1,1,0
1775,A,1,1,0,0
1776,B,1,1,1,0
1777,B,1,1,1,0
1778,A,1,0,0,0
1779,B,1,1,1,1
1780,B,1,1,1,0
1781,B,1,1,1,1
1782,B,1,0,0,0
1783,B,1,1,0,0
1784,B,1,1,1,0
1785,A,1,1,0,0
1786,B,1,1,0,0
1787,B,1,0,0,0
1788,B,1,1,0,0
1789,A,1,0,0,0
1790,B,1,0,0,0
1791,A,1,1,1,1
1792,B,1,1,1,0
1793,A,1,1,1,0
1794,A,1,1,1,0
1795,B,1,1,0,0
1796,B,1,1,0,0
1797,A,1,0,0,0
1798,B,1,1,0,0
1799,A,1,0,0,0
1800,A,1,1,1,1
1801,A,1,0,0,0
1802,A,1,1,1,0
1803,A,1,1,0,0
1804,B,1,1,1,0
1805,A,1,1,0,0
1806,A,1,0,0,0
1807,B,1,1,1,0
1808,A,1,1,0,0
1809,B,1,0,0,0
1810,B,1,0,0,0
1811,B,1,1,1,0
1812,A,1,1,1,0
1813,A,1,0,0,0
1814,A,1,1,1,0
1815,B,1,0,0,0
1816,A,1,0,0,0
1817,B,1,0,0,0
1818,A,1,0,0,0
1819,B,1,1,1,1
1820,A,1,1,0,0
1821,A,1,1,1,0
1822,A,1,1,0,0
1823,B,1,0,0,0
1824,B,1,1,1,0
1825,A,1,1,1,1
1826,A,1,1,0,0
1827,B,1,1,0,0
1828,B,1,0,0,0
1829,B,1,1,1,0
1830,A,1,1,0,0
1831,B,1,1,0,0
1832,A,1,0,0,0
1833,B,1,1,1,0
1834,A,1,1,0,0
1835,B,1,1,1,0
1836,B,1,1,1,1
1837,B,1,1,1,0
1838,B,1,0,0,0
1839,B,1,1,1,0
1840,A,1,0,0,0
1841,B,1,1,0,0
1842,B,1,1,1,0
1843,B,1,0,0,0
1844,A,1,1,0,0
1845,B,1,1,1,1
1846,A,1,0,0,0
1847,B,1,0,0,0
1848,B,1,1,0,0
1849,A,1,1,0,0
1850,B,1,0,0,0
1851,A,1,1,1,0
1852,A,1,1,1,0
1853,B,1,1,0,0
1854,A,1,1,1,0
1855,B,1,1,1,0
1856,B,1,0,0,0
1857,A,1,0,0,0
1858,A,1,1,1,0
1859,A,1,1,0,0
1860,A,1,0,0,0
1861,B,1,1,1,1
1862,B,1,0,0,0
1863,A,1,1,1,0
1864,B,1,1,1,1
1865,B,1,1,1,0
1866,B,1,0,0,0
1867,B,1,1,1,1
1868,A,1,0,0,0
1869,A,1,0,0,0
1870,B,1,1,1,1
1871,A,1,0,0,0
1872,A,1,0,0,0
1873,A,1,0,0,0
1874,B,1,1,0,0
1875,B,1,1,1,1
1876,B,1,1,1,1
1877,A,1,0,0,0
1878,B,1,0,0,0
1879,B,1,1,0,0
1880,A,1,1,1,0
1881,B,1,1,1,1
1882,B,1,1,1,0
1883,A,1,1,1,0
1884,A,1,1,1,0
1885,A,1,1,1,1
1886,B,1,1,0,0
1887,B,1,0,0,0
1888,B,1,1,1,0
1889,A,1,0,0,0
1890,A,1,0,0,0
1891,B,1,1,0,0
1892,B,1,1,0,0
1893,A,1,1,1,0
1894,A,1,0,0,0
1895,A,1,1,1,0
1896,A,1,1,1,0
1897,B,1,1,1,1
1898,A,1,0,0,0
1899,B,1,1,1,1
1900,B,1,1,1,0
1901,B,1,1,0,0
1902,A,1,1,1,0
1903,A,1,0,0,0
1904,A,1,0,0,0
1905,A,1,1,1,0
1906,B,1,0,0,0
1907,A,1,1,1,0
1908,A,1,0,0,0
1909,B,1,1,1,1
1910,A,1,1,1,0
1911,B,1,1,1,0
1912,B,1,1,0,0
1913,B,1,0,0,0
1914,B,1,0,0,0
1915,B,1,1,1,0
1916,B,1,1,1,0
1917,B,1,1,1,1
1918,B,1,1,1,0
1919,A,1,0,0,0
1920,A,1,0,0,0
1921,A,1,0,0,0
1922,A,1,1,1,0
1923,B,1,1,1,0
1924,A,1,1,1,0
1925,B,1,1,0,0
1926,A,1,0,0,0
1927,A,1,0,0,0
1928,A,1,0,0,0
1929,B,1,1,1,0
1930,A,1,1,0,0
1931,B,1,0,0,0
1932,B,1,1,1,1
1933,A,1,0,0,0
1934,A,1,1,1,1
1935,A,1,0,0,0
1936,B,1,1,1,0
1937,A,1,0,0,0
1938,B,1,0,0,0
1939,B,1,0,0,0
1940,A,1,0,0,0
1941,A,1,1,1,0
1942,B,1,0,0,0
1943,B,1,1,1,0
1944,B,1,1,1,1
1945,A,1,0,0,0
1946,B,1,0,0,0
1947,A,1,0,0,0
1948,B,1,0,0,0
1949,B,1,1,1,0
1950,A,1,1,1,1
1951,B,1,1,1,1
1952,A,1,1,1,0
1953,A,1,1,1,0
1954,B,1,0,0,0
1955,A,1,1,0,0
1956,A,1,0,0,0
1957,B,1,0,0,0
1958,A,1,0,0,0
1959,A,1,0,0,0
1960,A,1,1,1,1
1961,B,1,1,0,0
1962,A,1,1,1,1
1963,B,1,0,0,0
1964,B,1,1,1,0
1965,A,1,1,0,0
1966,A,1,0,0,0
1967,A,1,0,0,0
1968,B,1,1,0,0
1969,A,1,1,1,0
1970,A,1,1,1,0
1971,A,1,1,1,1
1972,A,1,1,0,0
1973,A,1,0,0,0
1974,B,1,1,1,1
1975,B,1,0,0,0
1976,A,1,0,0,0
1977,A,1,0,0,0
1978,A,1,0,0,0
1979,A,1,1,1,0
1980,B,1,1,1,0
1981,A,1,0,0,0
1982,B,1,1,1,0
1983,B,1,1,1,0
1984,A,1,1,0,0
1985,B,1,1,0,0
1986,B,1,0,0,0
1987,B,1,1,1,0
1988,B,1,1,1,1
1989,A,1,1,1,0
1990,A,1,1,1,0
1991,B,1,1,1,1
1992,A,1,1,1,1
1993,A,1,1,1,0
1994,A,1,1,1,0
1995,A,1,1,1,1
1996,A,1,1,1,0
1997,B,1,1,1,1
1998,A,1,0,0,0
1999,A,1,0,0,0
2000,A,1,0,0,0
2001,A,1,1,1,1
2002,B,1,1,0,0
2003,B,1,1,1,0
2004,B,1,1,0,0
2005,B,1,1,1,0
2006,A,1,0,0,0
2007,B,1,0,0,0
2008,A,1,0,0,0
2009,A,1,1,1,1
2010,A,1,1,1,0
2011,A,1,0,0,0
2012,A,1,0,0,0
2013,B,1,1,1,0
2014,B,1,0,0,0
2015,B,1,1,1,0
2016,B,1,1,1,0
2017,A,1,1,1,0
2018,B,1,0,0,0
2019,A,1,0,0,0
2020,B,1,1,1,0
2021,A,1,1,1,1
2022,A,1,1,1,1
2023,B,1,0,0,0
2024,A,1,1,0,0
2025,A,1,1,1,0
2026,B,1,1,1,0
2027,A,1,1,0,0
2028,B,1,0,0,0
2029,B,1,1,0,0
2030,B,1,1,0,0
2031,A,1,0,0,0
2032,A,1,0,0,0
2033,A,1,0,0,0
2034,B,1,1,0,0
2035,A,1,1,1,1
2036,B,1,1,1,0
2037,B,1,1,1,0
2038,A,1,1,0,0
2039,B,1,1,1,1
2040,A,1,0,0,0
2041,A,1,0,0,0
2042,A,1,1,1,0
2043,A,1,0,0,0
2044,A,1,0,0,0
2045,B,1,1,1,0
2046,B,1,0,0,0
2047,B,1,1,1,0
2048,A,1,1,1,0
2049,A,1,1,1,0
2050,A,1,1,0,0
2051,B,1,0,0,0
2052,A,1,0,0,0
2053,B,1,1,0,0
2054,B,1,0,0,0
2055,A,1,0,0,0
2056,A,1,1,0,0
2057,B,1,0,0,0
2058,A,1,1,1,0
2059,B,1,0,0,0
2060,A,1,1,1,0
2061,A,1,1,0,0
2062,B,1,1,1,0
2063,A,1,1,0,0
2064,B,1,1,1,1
2065,A,1,0,0,0
2066,B,1,0,0,0
2067,B,1,1,1,1
2068,A,1,0,0,0
2069,B,1,1,1,1
2070,A,1,1,0,0
2071,A,1,1,1,0
2072,A,1,1,1,1
2073,B,1,1,1,0
2074,B,1,0,0,0
2075,A,1,1,1,0
2076,A,1,0,0,0
2077,B,1,1,0,0
2078,A,1,0,0,0
2079,A,1,1,1,0
2080,B,1,0,0,0
2081,A,1,1,1,0
2082,B,1,1,1,0
2083,A,1,1,1,0
2084,B,1,0,0,0
2085,A,1,1,0,0
2086,A,1,1,0,0
2087,B,1,1,1,1
2088,A,1,0,0,0
2089,B,1,0,0,0
2090,A,1,1,0,0
2091,B,1,1,1,1
2092,B,1,1,1,1
2093,B,1,1,0,0
2094,B,1,1,1,0
2095,A,1,0,0,0
2096,A,1,1,1,1
2097,B,1,0,0,0
2098,B,1,1,1,1
2099,B,1,1,1,0
2100,A,1,0,0,0
2101,A,1,0,0,0
2102,A,1,1,0,0
2103,A,1,1,1,0
2104,B,1,1,1,0
2105,B,1,0,0,0
2106,B,1,0,0,0
2107,A,1,1,0,0
2108,A,1,0,0,0
2109,A,1,1,1,0
2110,B,1,1,0,0
2111,B,1,1,0,0
2112,A,1,0,0,0
2113,B,1,1,0,0
2114,A,1,0,0,0
2115,A,1,0,0,0
2116,B,1,1,0,0
2117,A,1,1,0,0
2118,B,1,0,0,0
2119,A,1,0,0,0
2120,B,1,0,0,0
2121,B,1,0,0,0
2122,B,1,0,0,0
2123,A,1,0,0,0
2124,A,1,1,0,0
2125,B,1,0,0,0
2126,B,1,0,0,0
2127,A,1,0,0,0
2128,A,1,1,0,0
2129,A,1,1,1,0
2130,B,1,1,1,0
2131,A,1,0,0,0
2132,A,1,0,0,0
2133,B,1,0,0,0
2134,A,1,1,0,0
2135,A,1,0,0,0
2136,A,1,1,1,0
2137,B,1,1,0,0
2138,B,1,0,0,0
2139,B,1,0,0,0
2140,B,1,0,0,0
2141,B,1,0,0,0
2142,B,1,1,1,1
2143,B,1,0,0,0
2144,A,1,0,0,0
2145,A,1,1,1,1
2146,B,1,0,0,0
2147,A,1,1,0,0
2148,A,1,0,0,0
2149,B,1,0,0,0
2150,A,1,0,0,0
2151,A,1,0,0,0
2152,A,1,1,1,0
2153,A,1,0,0,0
2154,A,1,1,1,0
2155,B,1,1,1,0
2156,B,1,1,1,1
2157,B,1,0,0,0
2158,A,1,1,1,0
2159,B,1,1,1,0
2160,A,1,1,0,0
2161,A,1,1,1,1
2162,A,1,1,1,1
2163,A,1,0,0,0
2164,B,1,0,0,0
2165,B,1,0,0,0
2166,A,1,1,0,0
2167,B,1,1,1,0
2168,A,1,1,1,0
2169,B,1,0,0,0
2170,B,1,0,0,0
2171,A,1,0,0,0
2172,B,1,0,0,0
2173,A,1,1,1,0
2174,B,1,1,1,1
2175,A,1,0,0,0
2176,A,1,1,1,0
2177,B,1,1,0,0
2178,B,1,0,0,0
2179,A,1,1,1,0
2180,B,1,0,0,0
2181,B,1,1,1,0
2182,A,1,0,0,0
2183,A,1,1,1,1
2184,B,1,1,0,0
2185,A,1,1,1,1
2186,A,1,0,0,0
2187,A,1,0,0,0
2188,B,1,1,1,1
2189,B,1,1,1,1
2190,A,1,1,0,0
2191,B,1,1,0,0
2192,A,1,0,0,0
2193,B,1,1,1,1
2194,A,1,1,0,0
2195,A,1,0,0,0
2196,B,1,0,0,0
2197,A,1,1,1,0
2198,B,1,1,0,0
2199,B,1,1,1,0
2200,A,1,1,0,0
2201,A,1,0,0,0
2202,B,1,1,1,0
2203,A,1,1,0,0
2204,A,1,1,0,0
2205,A,1,0,0,0
2206,A,1,0,0,0
2207,A,1,1,1,0
2208,B,1,1,1,0
2209,B,1,0,0,0
2210,A,1,1,1,0
2211,A,1,0,0,0
2212,A,1,0,0,0
2213,B,1,1,1,0
2214,A,1,1,1,0
2215,B,1,1,1,0
2216,B,1,1,1,0
2217,B,1,1,1,1
2218,A,1,1,1,1
2219,B,1,1,1,0
2220,A,1,1,0,0
2221,B,1,1,0,0
2222,A,1,0,0,0
2223,B,1,1,0,0
2224,A,1,0,0,0
2225,B,1,1,1,1
2226,A,1,0,0,0
2227,A,1,1,0,0
2228,A,1,1,1,0
2229,A,1,1,1,1
2230,B,1,1,1,1
2231,B,1,1,1,1
2232,A,1,0,0,0
2233,B,1,0,0,0
2234,A,1,1,0,0
2235,A,1,0,0,0
2236,B,1,1,1,0
2237,A,1,1,0,0
2238,A,1,0,0,0
2239,B,1,1,1,1
2240,A,1,1,1,0
2241,A,1,1,1,1
2242,A,1,0,0,0
2243,A,1,0,0,0
2244,B,1,0,0,0
2245,B,1,1,1,0
2246,B,1,1,0,0
2247,A,1,0,0,0
2248,A,1,0,0,0
2249,B,1,1,1,0
2250,A,1,1,0,0
2251,A,1,0,0,0
2252,A,1,0,0,0
2253,A,1,1,1,0
2254,B,1,1,0,0
2255,B,1,0,0,0
2256,B,1,0,0,0
2257,A,1,0,0,0
2258,B,1,0,0,0
2259,B,1,1,1,1
2260,A,1,1,1,0
2261,A,1,0,0,0
2262,B,1,0,0,0
2263,B,1,0,0,0
2264,B,1,1,0,0
2265,B,1,1,0,0
2266,A,1,1,1,0
2267,B,1,0,0,0
2268,B,1,1,0,0
2269,A,1,1,0,0
2270,B,1,1,1,0
2271,A,1,0,0,0
2272,A,1,0,0,0
2273,A,1,0,0,0
2274,B,1,0,0,0
2275,B,1,1,0,0
2276,A,1,1,1,1
2277,B,1,1,1,0
2278,B,1,1,0,0
2279,A,1,0,0,0
2280,A,1,0,0,0
2281,B,1,1,1,1
2282,A,1,0,0,0
2283,B,1,1,0,0
2284,B,1,1,0,0
2285,B,1,1,1,0
2286,B,1,1,0,0
2287,A,1,1,1,1
2288,A,1,1,1,0
2289,A,1,0,0,0
2290,A,1,0,0,0
2291,B,1,1,1,0
2292,B,1,0,0,0
2293,A,1,0,0,0
2294,B,1,1,1,0
2295,B,1,1,1,0
2296,B,1,1,1,1
2297,A,1,0,0,0
2298,A,1,1,1,0
2299,A,1,0,0,0
2300,B,1,0,0,0
2301,A,1,0,0,0
2302,A,1,0,0,0
2303,A,1,1,1,1
2304,A,1,0,0,0
2305,A,1,1,1,0
2306,A,1,1,0,0
2307,B,1,1,0,0
2308,B,1,0,0,0
2309,A,1,0,0,0
2310,A,1,1,1,1
2311,B,1,1,1,0
2312,B,1,0,0,0
2313,A,1,0,0,0
2314,A,1,1,0,0
2315,A,1,1,0,0
2316,A,1,1,0,0
2317,B,1,0,0,0
2318,A,1,1,1,0
2319,A,1,1,1,0
2320,A,1,0,0,0
2321,A,1,0,0,0
2322,B,1,1,0,0
2323,B,1,1,0,0
2324,B,1,1,1,0
2325,A,1,1,1,0
2326,A,1,0,0,0
2327,B,1,0,0,0
2328,A,1,0,0,0
2329,A,1,0,0,0
2330,B,1,1,0,0
2331,B,1,0,0,0
2332,B,1,0,0,0
2333,B,1,0,0,0
2334,A,1,0,0,0
2335,A,1,1,1,1
2336,B,1,1,1,0
2337,A,1,0,0,0
2338,B,1,1,1,1
2339,B,1,1,0,0
2340,A,1,0,0,0
2341,B,1,0,0,0
2342,A,1,1,0,0
2343,A,1,0,0,0
2344,A,1,0,0,0
2345,A,1,0,0,0
2346,B,1,1,1,1
2347,A,1,1,0,0
2348,B,1,1,1,1
2349,B,1,0,0,0
2350,B,1,1,1,0
2351,B,1,0,0,0
2352,A,1,0,0,0
2353,A,1,1,1,1
2354,B,1,1,1,0
2355,B,1,0,0,0
2356,A,1,0,0,0
2357,B,1,1,1,0
2358,A,1,1,1,0
2359,B,1,0,0,0
2360,A,1,1,1,1
2361,B,1,0,0,0
2362,B,1,0,0,0
2363,A,1,0,0,0
2364,B,1,1,0,0
2365,B,1,1,0,0
2366,A,1,1,1,0
2367,B,1,1,1,0
2368,A,1,0,0,0
2369,A,1,1,0,0
2370,B,1,0,0,0
2371,B,1,1,1,0
2372,B,1,1,1,0
2373,B,1,1,1,0
2374,B,1,1,1,1
2375,B,1,1,1,1
2376,B,1,0,0,0
2377,A,1,1,1,0
2378,B,1,0,0,0
2379,A,1,0,0,0
2380,B,1,0,0,0
2381,B,1,1,1,1
2382,A,1,0,0,0
2383,B,1,0,0,0
2384,B,1,1,0,0
2385,A,1,0,0,0
2386,B,1,0,0,0
2387,B,1,1,0,0
2388,B,1,0,0,0
2389,A,1,0,0,0
2390,B,1,0,0,0
2391,B,1,1,0,0
2392,B,1,1,1,0
2393,B,1,0,0,0
2394,A,1,0,0,0
2395,A,1,0,0,0
2396,B,1,1,1,0
2397,B,1,1,0,0
2398,A,1,0,0,0
2399,A,1,0,0,0
2400,B,1,0,0,0
2401,A,1,0,0,0
2402,B,1,1,1,0
2403,A,1,0,0,0
2404,A,1,0,0,0
2405,A,1,1,0,0
2406,A,1,0,0,0
2407,B,1,0,0,0
2408,A,1,0,0,0
2409,A,1,1,1,0
2410,B,1,1,1,0
2411,A,1,1,1,0
2412,A,1,1,0,0
2413,B,1,1,1,1
2414,A,1,0,0,0
2415,B,1,1,1,0
2416,B,1,0,0,0
2417,B,1,1,1,1
2418,B,1,1,1,0
2419,A,1,1,1,1
2420,B,1,1,1,0
2421,A,1,1,1,1
2422,A,1,1,0,0
2423,A,1,1,1,1
2424,A,1,1,1,0
2425,A,1,0,0,0
2426,A,1,0,0,0
2427,A,1,0,0,0
2428,A,1,0,0,0
2429,A,1,1,0,0
2430,A,1,1,0,0
2431,B,1,1,0,0
2432,B,1,1,1,0
2433,B,1,0,0,0
2434,A,1,0,0,0
2435,B,1,1,1,0
2436,B,1,1,1,1
2437,B,1,0,0,0
2438,A,1,1,0,0
2439,A,1,1,0,0
2440,A,1,1,0,0
2441,A,1,0,0,0
2442,B,1,1,1,0
2443,B,1,0,0,0
2444,B,1,1,0,0
2445,B,1,0,0,0
2446,A,1,1,1,1
2447,A,1,1,1,0
2448,A,1,1,1,0
2449,B,1,0,0,0
2450,A,1,1,1,0
2451,A,1,0,0,0
2452,B,1,1,0,0
2453,B,1,1,1,1
2454,A,1,1,1,0
2455,A,1,0,0,0
2456,A,1,1,1,1
2457,A,1,0,0,0
2458,A,1,1,0,0
2459,A,1,0,0,0
2460,B,1,0,0,0
2461,B,1,1,1,0
2462,B,1,1,1,1
2463,A,1,0,0,0
2464,B,1,0,0,0
2465,A,1,0,0,0
2466,A,1,0,0,0
2467,B,1,0,0,0
2468,A,1,1,1,0
2469,A,1,1,0,0
2470,B,1,1,1,0
2471,B,1,1,1,1
2472,B,1,0,0,0
2473,A,1,1,0,0
2474,B,1,0,0,0
2475,B,1,1,1,0
2476,A,1,0,0,0
2477,B,1,1,1,0
2478,B,1,1,0,0
2479,B,1,1,0,0
2480,A,1,0,0,0
2481,A,1,1,1,0
2482,A,1,0,0,0
2483,A,1,1,1,1
2484,B,1,0,0,0
2485,A,1,1,0,0
2486,A,1,0,0,0
2487,B,1,0,0,0
2488,B,1,0,0,0
2489,B,1,0,0,0
2490,A,1,1,0,0
2491,A,1,1,1,1
2492,A,1,1,1,0
2493,B,1,1,1,0
2494,B,1,0,0,0
2495,A,1,0,0,0
2496,B,1,0,0,0
2497,B,1,1,0,0
2498,B,1,1,0,0
2499,A,1,1,1,0
2500,B,1,1,1,0
2501,B,1,1,1,0
2502,A,1,0,0,0
2503,A,1,1,1,0
2504,B,1,1,1,0
2505,B,1,0,0,0
2506,A,1,0,0,0
2507,A,1,1,1,0
2508,B,1,0,0,0
2509,B,1,1,0,0
2510,B,1,1,0,0
2511,B,1,1,0,0
2512,A,1,1,0,0
2513,B,1,1,0,0
2514,B,1,0,0,0
2515,A,1,0,0,0
2516,B,1,1,1,1
2517,A,1,0,0,0
2518,B,1,1,1,1
2519,B,1,1,1,0
2520,A,1,1,1,0
2521,A,1,1,1,0
2522,B,1,1,1,1
2523,B,1,0,0,0
2524,B,1,0,0,0
2525,A,1,1,0,0
2526,B,1,1,1,1
2527,A,1,0,0,0
2528,A,1,0,0,0
2529,B,1,0,0,0
2530,A,1,0,0,0
2531,B,1,1,1,0
2532,B,1,1,0,0
2533,B,1,1,0,0
2534,B,1,0,0,0
2535,B,1,1,0,0
2536,A,1,0,0,0
2537,A,1,1,0,0
2538,B,1,0,0,0
2539,B,1,0,0,0
2540,A,1,1,1,0
2541,A,1,1,0,0
2542,A,1,1,1,0
2543,A,1,0,0,0
2544,B,1,0,0,0
2545,B,1,0,0,0
2546,A,1,1,1,0
2547,B,1,1,1,0
2548,A,1,1,1,0
2549,B,1,1,0,0
2550,A,1,1,0,0
2551,B,1,1,0,0
2552,A,1,1,1,1
2553,A,1,0,0,0
2554,B,1,1,1,1
2555,A,1,0,0,0
2556,B,1,0,0,0
2557,B,1,1,1,0
2558,A,1,0,0,0
2559,B,1,1,1,0
2560,B,1,1,1,0
2561,B,1,0,0,0
2562,B,1,0,0,0
2563,B,1,1,1,0
2564,A,1,0,0,0
2565,B,1,0,0,0
2566,B,1,1,0,0
2567,B,1,1,0,0
2568,B,1,1,0,0
2569,B,1,0,0,0
2570,A,1,0,0,0
2571,B,1,1,0,0
2572,A,1,1,0,0
2573,A,1,0,0,0
2574,A,1,0,0,0
2575,A,1,1,0,0
2576,B,1,1,1,0
2577,A,1,1,1,0
2578,A,1,0,0,0
2579,B,1,1,1,0
2580,B,1,1,0,0
2581,B,1,1,1,0
2582,A,1,0,0,0
2583,B,1,0,0,0
2584,B,1,1,1,0
2585,A,1,0,0,0
2586,B,1,1,1,0
2587,B,1,0,0,0
2588,B,1,1,1,0
2589,B,1,1,0,0
2590,A,1,0,0,0
2591,B,1,1,1,0
2592,B,1,1,1,0
2593,A,1,1,1,0
2594,B,1,1,0,0
2595,A,1,0,0,0
2596,B,1,1,1,0
2597,A,1,1,1,0
2598,A,1,0,0,0
2599,A,1,0,0,0
2600,A,1,0,0,0
2601,B,1,1,0,0
2602,A,1,1,1,0
2603,B,1,1,0,0
2604,A,1,0,0,0
2605,A,1,0,0,0
2606,A,1,0,0,0
2607,B,1,1,1,0
2608,A,1,0,0,0
2609,B,1,0,0,0
2610,B,1,0,0,0
2611,B,1,0,0,0
2612,B,1,0,0,0
2613,B,1,0,0,0
2614,B,1,0,0,0
2615,B,1,1,1,0
2616,B,1,0,0,0
2617,B,1,1,1,0
2618,A,1,0,0,0
2619,A,1,1,1,0
2620,A,1,0,0,0
2621,A,1,0,0,0
2622,A,1,1,1,0
2623,B,1,1,0,0
2624,B,1,1,0,0
2625,B,1,0,0,0
2626,B,1,0,0,0
2627,B,1,1,1,0
2628,B,1,1,0,0
2629,B,1,1,1,1
2630,A,1,1,0,0
2631,A,1,1,0,0
2632,A,1,1,1,1
2633,A,1,0,0,0
2634,B,1,1,1,0
2635,B,1,0,0,0
2636,B,1,1,1,0
2637,A,1,1,1,0
2638,B,1,1,1,0
2639,B,1,0,0,0
2640,B,1,0,0,0
2641,A,1,1,1,1
2642,B,1,1,1,1
2643,A,1,1,0,0
2644,A,1,1,1,0
2645,A,1,0,0,0
2646,A,1,1,0,0
2647,B,1,0,0,0
2648,A,1,1,1,1
2649,A,1,1,0,0
2650,B,1,1,1,0
2651,B,1,1,0,0
2652,A,1,0,0,0
2653,B,1,0,0,0
2654,A,1,1,1,0
2655,A,1,1,0,0
2656,A,1,0,0,0
2657,A,1,0,0,0
2658,B,1,0,0,0
2659,A,1,0,0,0
2660,B,1,1,0,0
2661,B,1,0,0,0
2662,B,1,1,1,0
2663,B,1,1,1,0
2664,A,1,0,0,0
2665,B,1,1,0,0
2666,A,1,1,1,0
2667,B,1,1,1,0
2668,B,1,1,1,0
2669,A,1,0,0,0
2670,A,1,1,1,1
2671,A,1,0,0,0
2672,B,1,1,1,0
2673,B,1,1,1,1
2674,A,1,0,0,0
2675,A,1,0,0,0
2676,A,1,1,1,1
2677,A,1,1,0,0
2678,B,1,1,1,0
2679,A,1,1,1,0
2680,A,1,1,0,0
2681,A,1,0,0,0
2682,A,1,1,1,0
2683,B,1,1,1,1
2684,A,1,1,1,0
2685,B,1,0,0,0
2686,A,1,1,1,0
2687,A,1,1,0,0
2688,B,1,1,0,0
2689,A,1,1,1,0
2690,B,1,1,1,0
2691,B,1,1,1,1
2692,A,1,1,1,0
2693,B,1,0,0,0
2694,B,1,0,0,0
2695,B,1,1,1,0
2696,B,1,0,0,0
2697,B,1,0,0,0
2698,B,1,1,0,0
2699,B,1,1,1,0
2700,B,1,1,1,0
2701,A,1,0,0,0
2702,A,1,1,1,0
2703,B,1,0,0,0
2704,A,1,1,1,0
2705,B,1,0,0,0
2706,B,1,1,1,0
2707,A,1,1,0,0
2708,B,1,1,1,1
2709,B,1,0,0,0
2710,B,1,1,1,0
2711,B,1,0,0,0
2712,A,1,0,0,0
2713,B,1,1,1,1
2714,B,1,0,0,0
2715,B,1,1,0,0
2716,A,1,1,0,0
2717,B,1,1,1,1
2718,A,1,1,1,0
2719,A,1,0,0,0
2720,B,1,1,1,0
2721,B,1,1,0,0
2722,A,1,0,0,0
2723,B,1,1,0,0
2724,A,1,0,0,0
2725,A,1,0,0,0
2726,B,1,1,1,0
2727,B,1,1,0,0
2728,A,1,1,0,0
2729,A,1,0,0,0
2730,A,1,1,1,1
2731,A,1,1,1,0
2732,B,1,1,1,0
2733,B,1,0,0,0
2734,B,1,1,1,0
2735,B,1,1,0,0
2736,B,1,1,1,0
2737,A,1,1,0,0
2738,B,1,0,0,0
2739,B,1,1,0,0
2740,B,1,1,1,0
2741,B,1,0,0,0
2742,B,1,1,1,0
2743,A,1,1,1,0
2744,A,1,1,1,1
2745,A,1,1,1,0
2746,B,1,1,0,0
2747,A,1,1,1,1
2748,A,1,1,0,0
2749,B,1,1,0,0
2750,B,1,1,1,0
2751,B,1,1,0,0
2752,A,1,1,1,0
2753,A,1,1,1,0
2754,B,1,1,1,1
2755,B,1,0,0,0
2756,A,1,0,0,0
2757,A,1,0,0,0
2758,B,1,1,1,0
2759,B,1,1,0,0
2760,A,1,1,1,0
2761,B,1,1,0,0
2762,A,1,1,0,0
2763,A,1,1,0,0
2764,A,1,0,0,0
2765,A,1,1,0,0
2766,B,1,1,1,0
2767,B,1,1,1,0
2768,A,1,0,0,0
2769,A,1,1,1,0
2770,A,1,0,0,0
2771,A,1,0,0,0
2772,A,1,0,0,0
2773,B,1,1,0,0
2774,B,1,0,0,0
2775,B,1,1,0,0
2776,B,1,1,1,0
2777,A,1,0,0,0
2778,A,1,0,0,0
2779,A,1,1,1,0
2780,A,1,0,0,0
2781,A,1,1,1,1
2782,B,1,1,1,1
2783,A,1,0,0,0
2784,B,1,0,0,0
2785,B,1,1,1,0
2786,B,1,0,0,0
2787,B,1,0,0,0
2788,A,1,0,0,0
2789,B,1,1,1,1
2790,B,1,0,0,0
2791,B,1,1,1,0
2792,A,1,0,0,0
2793,A,1,0,0,0
2794,A,1,0,0,0
2795,B,1,0,0,0
2796,B,1,1,0,0
2797,A,1,0,0,0
2798,B,1,0,0,0
2799,A,1,0,0,0
2800,A,1,0,0,0
2801,B,1,0,0,0
2802,B,1,1,0,0
2803,B,1,0,0,0
2804,B,1,0,0,0
2805,A,1,0,0,0
2806,A,1,1,0,0
2807,A,1,0,0,0
2808,A,1,0,0,0
2809,A,1,1,0,0
2810,B,1,0,0,0
2811,A,1,0,0,0
2812,A,1,1,1,0
2813,A,1,1,0,0
2814,B,1,0,0,0
2815,B,1,1,0,0
2816,B,1,1,1,1
2817,B,1,1,1,0
2818,A,1,1,1,0
2819,A,1,0,0,0
2820,B,1,1,1,0
2821,B,1,1,1,1
2822,A,1,0,0,0
2823,A,1,0,0,0
2824,B,1,0,0,0
2825,B,1,1,1,0
2826,B,1,1,1,0
2827,B,1,1,1,0
2828,A,1,0,0,0
2829,A,1,0,0,0
2830,A,1,1,0,0
2831,B,1,1,0,0
2832,B,1,1,1,1
2833,A,1,0,0,0
2834,A,1,0,0,0
2835,A,1,1,1,0
2836,A,1,1,0,0
2837,B,1,1,1,0
2838,A,1,1,1,0
2839,A,1,1,1,0
2840,A,1,0,0,0
2841,A,1,1,1,1
2842,A,1,1,1,0
2843,A,1,0,0,0
2844,A,1,0,0,0
2845,B,1,0,0,0
2846,B,1,1,1,1
2847,B,1,1,1,0
2848,B,1,1,0,0
2849,A,1,0,0,0
2850,B,1,0,0,0
2851,B,1,0,0,0
2852,A,1,1,0,0
2853,A,1,0,0,0
2854,B,1,1,0,0
2855,B,1,1,1,0
2856,A,1,0,0,0
2857,B,1,1,0,0
2858,A,1,1,1,1
2859,A,1,1,1,0
2860,A,1,0,0,0
2861,A,1,1,0,0
2862,B,1,1,0,0
2863,A,1,1,0,0
2864,A,1,1,0,0
2865,B,1,1,1,1
2866,A,1,1,1,0
2867,B,1,0,0,0
2868,B,1,1,1,0
2869,B,1,0,0,0
2870,A,1,0,0,0
2871,B,1,1,1,0
2872,B,1,1,0,0
2873,A,1,0,0,0
2874,B,1,0,0,0
2875,B,1,1,0,0
2876,B,1,0,0,0
2877,B,1,1,1,1
2878,B,1,1,1,1
2879,A,1,1,0,0
2880,B,1,1,0,0
2881,B,1,1,0,0
2882,A,1,1,0,0
2883,A,1,0,0,0
2884,A,1,0,0,0
2885,B,1,0,0,0
2886,A,1,1,1,0
2887,B,1,1,1,0
2888,B,1,0,0,0
2889,A,1,1,0,0
2890,A,1,1,0,0
2891,B,1,1,0,0
2892,A,1,1,1,1
2893,B,1,0,0,0
2894,A,1,1,1,1
2895,A,1,1,1,1
2896,A,1,0,0,0
2897,B,1,1,1,0
2898,A,1,0,0,0
2899,B,1,1,1,0
2900,B,1,0,0,0
2901,B,1,1,1,0
2902,B,1,0,0,0
2903,A,1,1,1,1
2904,B,1,1,1,0
2905,B,1,1,0,0
2906,A,1,1,1,0
2907,B,1,0,0,0
2908,A,1,0,0,0
2909,B,1,1,1,0
2910,A,1,1,1,0
2911,B,1,0,0,0
2912,A,1,0,0,0
2913,B,1,0,0,0
2914,B,1,1,1,0
2915,A,1,0,0,0
2916,A,1,0,0,0
2917,A,1,0,0,0
2918,A,1,0,0,0
2919,B,1,1,1,0
2920,B,1,1,1,0
2921,A,1,0,0,0
2922,B,1,1,1,0
2923,A,1,1,1,0
2924,A,1,0,0,0
2925,B,1,1,0,0
2926,B,1,1,0,0
2927,B,1,0,0,0
2928,B,1,1,0,0
2929,B,1,0,0,0
2930,B,1,0,0,0
2931,B,1,0,0,0
2932,A,1,0,0,0
2933,A,1,1,1,0
2934,A,1,0,0,0
2935,A,1,1,0,0
2936,A,1,1,1,0
2937,B,1,1,1,1
2938,A,1,1,1,0
2939,A,1,0,0,0
2940,A,1,1,1,0
2941,A,1,0,0,0
2942,A,1,0,0,0
2943,A,1,0,0,0
2944,A,1,1,0,0
2945,B,1,1,1,0
2946,B,1,1,0,0
2947,A,1,0,0,0
2948,B,1,0,0,0
2949,B,1,1,1,0
2950,B,1,1,0,0
2951,B,1,1,0,0
2952,A,1,0,0,0
2953,B,1,1,0,0
2954,B,1,1,0,0
2955,B,1,0,0,0
2956,A,1,0,0,0
2957,A,1,0,0,0
2958,A,1,0,0,0
2959,A,1,1,1,0
2960,A,1,1,1,0
2961,A,1,1,1,0
2962,A,1,0,0,0
2963,B,1,1,0,0
2964,B,1,1,0,0
2965,B,1,1,1,1
2966,A,1,1,1,0
2967,A,1,1,1,1
2968,A,1,1,1,0
2969,A,1,1,0,0
2970,A,1,0,0,0
2971,B,1,0,0,0
2972,B,1,1,0,0
2973,A,1,0,0,0
2974,A,1,1,1,0
2975,A,1,0,0,0
2976,A,1,0,0,0
2977,B,1,1,1,1
2978,A,1,1,1,0
2979,A,1,1,1,1
2980,A,1,0,0,0
2981,A,1,1,1,0
2982,B,1,1,0,0
2983,A,1,0,0,0
2984,A,1,1,1,1
2985,B,1,0,0,0
2986,B,1,0,0,0
2987,B,1,1,1,1
2988,A,1,1,0,0
2989,A,1,1,1,0
2990,B,1,0,0,0
2991,B,1,1,1,0
2992,B,1,0,0,0
2993,B,1,1,1,0
2994,B,1,1,1,0
2995,B,1,1,1,0
2996,A,1,0,0,0
2997,A,1,1,1,0
2998,A,1,1,1,0
2999,B,1,1,1,0
3000,B,1,0,0,0
3001,B,1,1,1,1
3002,B,1,1,1,0
3003,B,1,1,0,0
3004,B,1,1,1,1
3005,A,1,0,0,0
3006,A,1,0,0,0
3007,B,1,1,1,1
3008,A,1,0,0,0
3009,B,1,1,0,0
3010,A,1,0,0,0
3011,B,1,1,1,0
3012,B,1,0,0,0
3013,A,1,1,1,1
3014,A,1,1,1,1
3015,B,1,1,1,0
3016,B,1,0,0,0
3017,A,1,1,1,0
3018,A,1,1,1,0
3019,B,1,1,0,0
3020,A,1,1,0,0
3021,B,1,0,0,0
3022,B,1,1,0,0
3023,B,1,0,0,0
3024,B,1,1,1,1
3025,A,1,1,1,0
3026,A,1,0,0,0
3027,A,1,1,1,1
3028,A,1,0,0,0
3029,A,1,0,0,0
3030,A,1,0,0,0
3031,A,1,1,0,0
3032,B,1,1,0,0
3033,A,1,1,0,0
3034,A,1,1,1,0
3035,B,1,1,1,0
3036,A,1,0,0,0
3037,A,1,0,0,0
3038,B,1,0,0,0
3039,A,1,1,1,0
3040,A,1,0,0,0
3041,A,1,0,0,0
3042,B,1,0,0,0
3043,A,1,1,0,0
3044,A,1,1,0,0
3045,B,1,0,0,0
3046,A,1,0,0,0
3047,B,1,1,0,0
3048,B,1,1,0,0
3049,A,1,0,0,0
3050,B,1,1,1,1
3051,B,1,1,1,0
3052,A,1,0,0,0
3053,B,1,0,0,0
3054,B,1,0,0,0
3055,A,1,1,0,0
3056,A,1,1,1,1
3057,A,1,0,0,0
3058,B,1,0,0,0
3059,A,1,0,0,0
3060,B,1,0,0,0
3061,B,1,1,1,0
3062,B,1,0,0,0
3063,B,1,1,1,1
3064,B,1,1,1,0
3065,B,1,0,0,0
3066,B,1,1,0,0
3067,A,1,1,0,0
3068,A,1,1,1,0
3069,B,1,0,0,0
3070,B,1,0,0,0
3071,A,1,1,1,1
3072,B,1,1,0,0
3073,A,1,1,1,1
3074,A,1,1,1,0
3075,A,1,1,0,0
3076,B,1,1,0,0
3077,B,1,0,0,0
3078,A,1,1,0,0
3079,A,1,1,1,1
3080,A,1,0,0,0
3081,A,1,0,0,0
3082,A,1,0,0,0
3083,B,1,0,0,0
3084,A,1,1,1,0
3085,B,1,1,1,0
3086,A,1,0,0,0
3087,B,1,1,1,0
3088,B,1,1,0,0
3089,B,1,0,0,0
3090,B,1,0,0,0
3091,B,1,1,0,0
3092,B,1,1,1,0
3093,A,1,0,0,0
3094,B,1,0,0,0
3095,A,1,0,0,0
3096,B,1,1,0,0
3097,B,1,1,1,0
3098,A,1,1,1,1
3099,B,1,0,0,0
3100,A,1,1,1,0
3101,A,1,0,0,0
3102,A,1,0,0,0
3103,A,1,0,0,0
3104,B,1,0,0,0
3105,B,1,1,1,0
3106,A,1,1,1,0
3107,B,1,0,0,0
3108,B,1,0,0,0
3109,A,1,0,0,0
3110,B,1,1,0,0
3111,A,1,0,0,0
3112,A,1,1,0,0
3113,B,1,0,0,0
3114,B,1,1,1,0
3115,B,1,1,1,1
3116,A,1,1,1,0
3117,A,1,1,0,0
3118,B,1,1,0,0
3119,B,1,1,1,1
3120,B,1,1,1,0
3121,B,1,1,1,0
3122,A,1,1,1,1
3123,B,1,0,0,0
3124,A,1,1,0,0
3125,A,1,0,0,0
3126,B,1,0,0,0
3127,B,1,1,0,0
3128,B,1,1,1,1
3129,A,1,1,1,1
3130,B,1,1,1,0
3131,B,1,0,0,0
3132,A,1,1,0,0
3133,B,1,1,1,1
3134,A,1,0,0,0
3135,B,1,1,1,0
3136,A,1,0,0,0
3137,B,1,1,1,0
3138,B,1,0,0,0
3139,A,1,0,0,0
3140,A,1,0,0,0
3141,B,1,1,1,0
3142,A,1,1,0,0
3143,A,1,0,0,0
3144,A,1,0,0,0
3145,A,1,1,1,0
3146,B,1,1,1,1
3147,B,1,1,0,0
3148,A,1,1,0,0
3149,A,1,1,0,0
3150,A,1,1,0,0
3151,A,1,1,0,0
3152,B,1,0,0,0
3153,B,1,1,0,0
3154,A,1,0,0,0
3155,A,1,0,0,0
3156,A,1,0,0,0
3157,B,1,0,0,0
3158,A,1,1,1,1
3159,B,1,0,0,0
3160,A,1,1,1,0
3161,B,1,1,1,0
3162,A,1,0,0,0
3163,B,1,0,0,0
3164,A,1,1,1,0
3165,A,1,1,1,0
3166,A,1,1,1,1
3167,B,1,0,0,0
3168,A,1,1,1,0
3169,B,1,1,0,0
3170,B,1,0,0,0
3171,A,1,1,0,0
3172,A,1,0,0,0
3173,A,1,1,1,0
3174,B,1,1,1,1
3175,A,1,1,1,1
3176,B,1,1,0,0
3177,B,1,1,0,0
3178,A,1,0,0,0
3179,A,1,1,1,1
3180,A,1,0,0,0
3181,A,1,0,0,0
3182,A,1,0,0,0
3183,A,1,1,1,0
3184,B,1,1,0,0
3185,B,1,1,1,1
3186,B,1,0,0,0
3187,A,1,1,1,1
3188,B,1,0,0,0
3189,B,1,1,0,0
3190,B,1,0,0,0
3191,B,1,1,0,0
3192,B,1,1,1,0
3193,A,1,1,0,0
3194,A,1,1,1,0
3195,B,1,0,0,0
3196,B,1,1,0,0
3197,B,1,1,0,0
3198,A,1,0,0,0
3199,A,1,1,0,0
3200,B,1,1,1,0
3201,A,1,0,0,0
3202,A,1,0,0,0
3203,B,1,1,1,0
3204,A,1,0,0,0
3205,A,1,1,1,0
3206,B,1,1,1,0
3207,A,1,1,1,0
3208,A,1,0,0,0
3209,B,1,0,0,0
3210,A,1,1,1,0
3211,A,1,0,0,0
3212,B,1,0,0,0
3213,B,1,1,0,0
3214,B,1,0,0,0
3215,A,1,1,0,0
3216,B,1,1,1,1
3217,A,1,0,0,0
3218,B,1,1,1,1
3219,A,1,0,0,0
3220,B,1,1,1,1
3221,B,1,1,0,0
3222,B,1,1,1,0
3223,B,1,0,0,0
3224,A,1,0,0,0
3225,B,1,1,0,0
3226,B,1,0,0,0
3227,A,1,0,0,0
3228,B,1,1,1,1
3229,A,1,0,0,0
3230,B,1,0,0,0
3231,B,1,0,0,0
3232,B,1,1,0,0
3233,A,1,1,0,0
3234,B,1,1,1,0
3235,B,1,0,0,0
3236,B,1,0,0,0
3237,A,1,1,0,0
3238,A,1,0,0,0
3239,B,1,1,1,0
3240,A,1,0,0,0
3241,B,1,0,0,0
3242,B,1,1,0,0
3243,B,1,0,0,0
3244,B,1,0,0,0
3245,B,1,1,1,0
3246,B,1,0,0,0
3247,B,1,0,0,0
3248,A,1,1,0,0
3249,A,1,1,1,0
3250,A,1,1,1,0
3251,A,1,0,0,0
3252,A,1,1,1,1
3253,A,1,0,0,0
3254,A,1,1,0,0
3255,B,1,0,0,0
3256,B,1,1,1,1
3257,B,1,0,0,0
3258,B,1,1,0,0
3259,A,1,0,0,0
3260,A,1,0,0,0
3261,B,1,0,0,0
3262,B,1,0,0,0
3263,A,1,1,0,0
3264,B,1,1,1,0
3265,B,1,0,0,0
3266,B,1,0,0,0
3267,B,1,1,1,0
3268,A,1,0,0,0
3269,B,1,1,1,0
3270,B,1,0,0,0
3271,A,1,1,1,0
3272,A,1,1,0,0
3273,B,1,1,1,0
3274,A,1,1,1,1
3275,B,1,1,1,1
3276,B,1,1,1,0
3277,A,1,1,1,1
3278,B,1,1,0,0
3279,B,1,0,0,0
3280,B,1,1,1,1
3281,B,1,0,0,0
3282,A,1,0,0,0
3283,A,1,1,0,0
3284,B,1,1,0,0
3285,A,1,0,0,0
3286,B,1,0,0,0
3287,B,1,1,1,0
3288,B,1,0,0,0
3289,B,1,0,0,0
3290,B,1,1,1,1
3291,A,1,0,0,0
3292,B,1,0,0,0
3293,A,1,1,0,0
3294,A,1,1,1,1
3295,B,1,1,1,0
3296,B,1,0,0,0
3297,B,1,1,1,0
3298,B,1,0,0,0
3299,B,1,0,0,0
3300,A,1,0,0,0
3301,B,1,1,1,0
3302,B,1,1,0,0
3303,A,1,0,0,0
3304,A,1,1,0,0
3305,B,1,1,0,0
3306,A,1,0,0,0
3307,B,1,1,1,0
3308,A,1,1,1,1
3309,A,1,1,0,0
3310,B,1,1,1,0
3311,A,1,0,0,0
3312,A,1,1,0,0
3313,A,1,1,1,0
3314,A,1,0,0,0
3315,A,1,0,0,0
3316,A,1,0,0,0
3317,B,1,1,0,0
3318,B,1,1,0,0
3319,A,1,1,1,0
3320,B,1,1,1,0
3321,B,1,0,0,0
3322,B,1,1,1,1
3323,A,1,1,0,0
3324,B,1,0,0,0
3325,A,1,0,0,0
3326,B,1,1,1,0
3327,A,1,1,1,0
3328,A,1,0,0,0
3329,B,1,1,0,0
3330,B,1,1,1,0
3331,A,1,1,1,1
3332,B,1,1,1,0
3333,B,1,0,0,0
3334,B,1,1,1,0
3335,A,1,1,1,1
3336,A,1,1,0,0
3337,B,1,0,0,0
3338,B,1,1,0,0
3339,B,1,0,0,0
3340,A,1,1,1,1
3341,A,1,0,0,0
3342,B,1,1,1,1
3343,B,1,1,0,0
3344,B,1,1,1,0
3345,B,1,0,0,0
3346,B,1,1,0,0
3347,B,1,1,1,1
3348,A,1,1,0,0
3349,B,1,1,0,0
3350,A,1,1,1,0
3351,B,1,1,1,0
3352,B,1,0,0,0
3353,A,1,1,1,0
3354,A,1,1,0,0
3355,A,1,0,0,0
3356,A,1,1,1,0
3357,B,1,1,0,0
3358,A,1,0,0,0
3359,B,1,1,0,0
3360,A,1,1,1,0
3361,B,1,1,0,0
3362,B,1,1,1,1
3363,B,1,1,1,0
3364,B,1,1,1,0
3365,B,1,0,0,0
3366,B,1,1,0,0
3367,A,1,1,1,1
3368,B,1,1,0,0
3369,A,1,1,1,1
3370,A,1,1,1,0
3371,B,1,1,1,0
3372,A,1,0,0,0
3373,B,1,0,0,0
3374,A,1,1,1,0
3375,B,1,1,0,0
3376,A,1,0,0,0
3377,B,1,0,0,0
3378,B,1,0,0,0
3379,B,1,1,1,0
3380,B,1,1,0,0
3381,A,1,0,0,0
3382,B,1,0,0,0
3383,A,1,0,0,0
3384,A,1,1,1,0
3385,A,1,0,0,0
3386,B,1,1,0,0
3387,A,1,1,1,0
3388,A,1,1,1,0
3389,A,1,1,0,0
3390,B,1,1,1,1
3391,B,1,0,0,0
3392,A,1,1,1,0
3393,B,1,1,0,0
3394,B,1,1,1,0
3395,A,1,0,0,0
3396,A,1,0,0,0
3397,B,1,0,0,0
3398,A,1,0,0,0
3399,B,1,0,0,0
3400,B,1,1,1,0
3401,B,1,0,0,0
3402,B,1,1,1,0
3403,B,1,1,0,0
3404,B,1,1,0,0
3405,A,1,0,0,0
3406,A,1,1,1,0
3407,B,1,1,1,1
3408,B,1,0,0,0
3409,B,1,1,0,0
3410,A,1,0,0,0
3411,B,1,1,1,1
3412,A,1,1,0,0
3413,B,1,0,0,0
3414,B,1,1,0,0
3415,A,1,1,0,0
3416,A,1,0,0,0
3417,B,1,0,0,0
3418,B,1,0,0,0
3419,B,1,1,1,1
3420,A,1,1,1,1
3421,A,1,0,0,0
3422,A,1,1,1,1
3423,A,1,0,0,0
3424,A,1,1,1,0
3425,A,1,0,0,0
3426,B,1,0,0,0
3427,B,1,0,0,0
3428,A,1,1,1,1
3429,B,1,0,0,0
3430,B,1,0,0,0
3431,A,1,0,0,0
3432,B,1,1,1,0
3433,A,1,0,0,0
3434,A,1,1,0,0
3435,B,1,1,1,0
3436,A,1,1,1,0
3437,A,1,1,0,0
3438,A,1,0,0,0
3439,A,1,0,0,0
3440,A,1,0,0,0
3441,A,1,0,0,0
3442,A,1,0,0,0
3443,A,1,0,0,0
3444,B,1,0,0,0
3445,B,1,0,0,0
3446,B,1,1,0,0
3447,A,1,0,0,0
3448,A,1,0,0,0
3449,B,1,0,0,0
3450,B,1,0,0,0
3451,B,1,1,1,1
3452,A,1,0,0,0
3453,B,1,0,0,0
3454,B,1,0,0,0
3455,A,1,0,0,0
3456,B,1,0,0,0
3457,A,1,0,0,0
3458,A,1,0,0,0
3459,A,1,1,1,0
3460,B,1,0,0,0
3461,B,1,1,1,0
3462,A,1,1,1,1
3463,B,1,1,1,0
3464,B,1,0,0,0
3465,B,1,1,0,0
3466,B,1,0,0,0
3467,A,1,1,1,0
3468,B,1,1,1,0
3469,A,1,1,0,0
3470,A,1,1,1,1
3471,B,1,0,0,0
3472,A,1,0,0,0
3473,B,1,0,0,0
3474,B,1,0,0,0
3475,A,1,0,0,0
3476,A,1,1,1,1
3477,A,1,0,0,0
3478,A,1,0,0,0
3479,B,1,1,1,0
3480,B,1,1,1,0
3481,B,1,0,0,0
3482,A,1,0,0,0
3483,A,1,1,0,0
3484,A,1,0,0,0
3485,B,1,1,1,0
3486,A,1,0,0,0
3487,B,1,1,1,1
3488,A,1,1,1,0
3489,B,1,0,0,0
3490,B,1,0,0,0
3491,A,1,0,0,0
3492,A,1,1,1,0
3493,B,1,1,0,0
3494,B,1,1,1,0
3495,A,1,0,0,0
3496,A,1,1,1,0
3497,B,1,1,0,0
3498,A,1,1,0,0
3499,B,1,1,1,1
3500,B,1,1,1,1
3501,A,1,1,1,0
3502,A,1,0,0,0
3503,A,1,1,1,0
3504,A,1,1,1,0
3505,A,1,0,0,0
3506,B,1,0,0,0
3507,B,1,1,1,0
3508,A,1,0,0,0
3509,A,1,1,0,0
3510,A,1,0,0,0
3511,B,1,0,0,0
3512,A,1,1,0,0
3513,A,1,1,0,0
3514,B,1,1,1,1
3515,B,1,1,0,0
3516,A,1,1,0,0
3517,A,1,0,0,0
3518,A,1,1,0,0
3519,B,1,1,1,1
3520,A,1,0,0,0
3521,A,1,0,0,0
3522,A,1,1,1,0
3523,B,1,0,0,0
3524,B,1,1,1,0
3525,A,1,0,0,0
3526,A,1,0,0,0
3527,B,1,0,0,0
3528,B,1,1,1,1
3529,B,1,0,0,0
3530,B,1,1,1,1
3531,B,1,0,0,0
3532,B,1,1,1,0
3533,B,1,0,0,0
3534,B,1,1,0,0
3535,B,1,0,0,0
3536,A,1,0,0,0
3537,A,1,1,1,0
3538,A,1,1,1,1
3539,B,1,1,0,0
3540,A,1,1,0,0
3541,B,1,1,1,0
3542,B,1,1,0,0
3543,A,1,0,0,0
3544,B,1,1,0,0
3545,A,1,1,1,0
3546,A,1,1,0,0
3547,A,1,0,0,0
3548,B,1,1,1,0
3549,A,1,1,1,0
3550,B,1,0,0,0
3551,A,1,1,1,1
3552,A,1,1,1,0
3553,A,1,1,0,0
3554,B,1,1,0,0
3555,B,1,0,0,0
3556,B,1,1,1,1
3557,A,1,0,0,0
3558,A,1,0,0,0
3559,B,1,0,0,0
3560,B,1,0,0,0
3561,B,1,1,0,0
3562,B,1,1,1,0
3563,B,1,1,0,0
3564,B,1,1,0,0
3565,A,1,0,0,0
3566,B,1,0,0,0
3567,A,1,0,0,0
3568,A,1,0,0,0
3569,B,1,1,1,0
3570,B,1,1,1,0
3571,A,1,1,1,0
3572,B,1,1,0,0
3573,B,1,1,1,1
3574,A,1,0,0,0
3575,A,1,0,0,0
3576,A,1,0,0,0
3577,B,1,1,1,0
3578,A,1,1,1,0
3579,B,1,1,1,1
3580,A,1,0,0,0
3581,A,1,0,0,0
3582,A,1,1,1,0
3583,B,1,1,1,0
3584,B,1,1,1,1
3585,A,1,0,0,0
3586,A,1,0,0,0
3587,A,1,1,0,0
3588,B,1,1,1,1
3589,A,1,1,1,0
3590,B,1,1,1,1
3591,A,1,0,0,0
3592,A,1,1,0,0
3593,A,1,0,0,0
3594,A,1,1,1,0
3595,A,1,0,0,0
3596,A,1,1,1,1
3597,B,1,1,0,0
3598,A,1,1,0,0
3599,B,1,1,0,0
3600,A,1,1,0,0
3601,A,1,0,0,0
3602,B,1,0,0,0
3603,A,1,0,0,0
3604,B,1,0,0,0
3605,B,1,1,0,0
3606,A,1,0,0,0
3607,B,1,1,0,0
3608,B,1,1,1,1
3609,A,1,0,0,0
3610,B,1,0,0,0
3611,A,1,1,1,0
3612,A,1,0,0,0
3613,A,1,1,1,0
3614,A,1,1,1,1
3615,B,1,1,1,1
3616,A,1,1,0,0
3617,A,1,1,0,0
3618,B,1,0,0,0
3619,A,1,0,0,0
3620,A,1,1,1,0
3621,B,1,1,0,0
3622,B,1,1,1,0
3623,B,1,1,1,0
3624,B,1,0,0,0
3625,B,1,0,0,0
3626,B,1,0,0,0
3627,B,1,1,0,0
3628,A,1,0,0,0
3629,B,1,1,1,1
3630,B,1,1,0,0
3631,B,1,1,0,0
3632,A,1,1,1,1
3633,A,1,1,1,1
3634,B,1,1,0,0
3635,B,1,1,1,0
3636,B,1,1,1,0
3637,A,1,0,0,0
3638,A,1,1,0,0
3639,B,1,0,0,0
3640,A,1,1,0,0
3641,B,1,1,0,0
3642,A,1,0,0,0
3643,A,1,0,0,0
3644,B,1,0,0,0
3645,B,1,0,0,0
3646,B,1,1,0,0
3647,B,1,1,1,1
3648,A,1,0,0,0
3649,A,1,1,0,0
3650,A,1,1,0,0
3651,B,1,1,1,1
3652,A,1,1,1,0
3653,B,1,1,1,0
3654,A,1,0,0,0
3655,B,1,1,0,0
3656,B,1,1,1,0
3657,A,1,1,0,0
3658,B,1,0,0,0
3659,B,1,1,0,0
3660,A,1,1,0,0
3661,B,1,1,1,0
3662,B,1,1,1,0
3663,B,1,1,0,0
3664,A,1,0,0,0
3665,A,1,0,0,0
3666,B,1,1,1,1
3667,A,1,0,0,0
3668,B,1,0,0,0
3669,B,1,1,1,0
3670,B,1,1,1,0
3671,B,1,1,0,0
3672,B,1,0,0,0
3673,A,1,0,0,0
3674,B,1,0,0,0
3675,A,1,1,0,0
3676,A,1,1,1,0
3677,B,1,1,1,0
3678,B,1,1,0,0
3679,A,1,0,0,0
3680,A,1,0,0,0
3681,A,1,1,0,0
3682,B,1,1,0,0
3683,A,1,0,0,0
3684,B,1,0,0,0
3685,B,1,1,0,0
3686,B,1,0,0,0
3687,A,1,1,1,0
3688,B,1,1,0,0
3689,B,1,1,1,0
3690,B,1,1,1,0
3691,B,1,0,0,0
3692,B,1,0,0,0
3693,A,1,1,1,1
3694,B,1,0,0,0
3695,B,1,0,0,0
3696,A,1,0,0,0
3697,B,1,1,0,0
3698,A,1,1,1,0
3699,B,1,1,1,0
3700,A,1,0,0,0
3701,A,1,1,1,1
3702,B,1,1,1,1
3703,B,1,0,0,0
3704,B,1,0,0,0
3705,A,1,0,0,0
3706,A,1,1,0,0
3707,A,1,0,0,0
3708,B,1,1,1,0
3709,A,1,0,0,0
3710,A,1,0,0,0
3711,B,1,1,1,1
3712,A,1,0,0,0
3713,A,1,0,0,0
3714,B,1,1,1,0
3715,A,1,1,0,0
3716,B,1,0,0,0
3717,B,1,1,1,0
3718,B,1,1,0,0
3719,B,1,1,1,1
3720,B,1,1,1,1
3721,A,1,1,1,1
3722,A,1,1,1,0
3723,B,1,1,0,0
3724,B,1,1,0,0
3725,A,1,0,0,0
3726,B,1,0,0,0
3727,B,1,1,0,0
3728,B,1,0,0,0
3729,A,1,1,1,0
3730,A,1,0,0,0
3731,B,1,1,0,0
3732,B,1,0,0,0
3733,A,1,1,1,1
3734,A,1,0,0,0
3735,B,1,1,1,1
3736,B,1,0,0,0
3737,A,1,1,1,0
3738,A,1,1,0,0
3739,A,1,1,1,0
3740,B,1,0,0,0
3741,A,1,1,1,0
3742,B,1,1,0,0
3743,A,1,1,1,0
3744,A,1,1,1,0
3745,A,1,1,1,0
3746,A,1,1,0,0
3747,B,1,1,1,0
3748,B,1,0,0,0
3749,A,1,1,1,0
3750,B,1,1,0,0
3751,A,1,0,0,0
3752,A,1,0,0,0
3753,A,1,0,0,0
3754,A,1,0,0,0
3755,B,1,1,1,0
3756,A,1,1,0,0
3757,A,1,1,1,1
3758,B,1,0,0,0
3759,A,1,1,0,0
3760,A,1,0,0,0
3761,A,1,0,0,0
3762,B,1,0,0,0
3763,A,1,0,0,0
3764,B,1,0,0,0
3765,A,1,1,0,0
3766,A,1,1,0,0
3767,B,1,0,0,0
3768,A,1,0,0,0
3769,A,1,0,0,0
3770,B,1,0,0,0
3771,B,1,1,1,0
3772,B,1,0,0,0
3773,B,1,1,1,1
3774,B,1,1,1,0
3775,A,1,1,1,1
3776,B,1,0,0,0
3777,A,1,0,0,0
3778,A,1,0,0,0
3779,A,1,1,0,0
3780,B,1,1,0,0
3781,B,1,0,0,0
3782,A,1,1,1,1
3783,B,1,0,0,0
3784,B,1,0,0,0
3785,B,1,1,0,0
3786,B,1,1,1,0
3787,A,1,1,0,0
3788,A,1,0,0,0
3789,B,1,0,0,0
3790,A,1,0,0,0
3791,B,1,1,1,0
3792,B,1,1,1,0
3793,A,1,1,1,1
3794,A,1,0,0,0
3795,A,1,1,1,0
3796,B,1,0,0,0
3797,A,1,0,0,0
3798,B,1,1,1,1
3799,A,1,1,0,0
3800,A,1,0,0,0
3801,B,1,0,0,0
3802,B,1,1,1,0
3803,B,1,1,1,0
3804,B,1,0,0,0
3805,B,1,1,1,0
3806,B,1,1,1,0
3807,B,1,1,0,0
3808,B,1,1,1,0
3809,A,1,1,0,0
3810,B,1,0,0,0
3811,B,1,1,1,0
3812,A,1,1,1,1
3813,B,1,0,0,0
3814,A,1,0,0,0
3815,A,1,0,0,0
3816,B,1,0,0,0
3817,A,1,1,1,0
3818,B,1,1,1,1
3819,A,1,1,1,0
3820,A,1,0,0,0
3821,A,1,1,1,1
3822,B,1,1,1,1
3823,B,1,1,1,1
3824,A,1,0,0,0
3825,A,1,0,0,0
3826,B,1,1,1,0
3827,B,1,0,0,0
3828,A,1,0,0,0
3829,A,1,0,0,0
3830,B,1,1,1,1
3831,B,1,1,0,0
3832,B,1,0,0,0
3833,B,1,1,0,0
3834,B,1,1,0,0
3835,A,1,0,0,0
3836,B,1,0,0,0
3837,A,1,0,0,0
3838,B,1,1,1,0
3839,A,1,0,0,0
3840,B,1,1,1,0
3841,B,1,1,1,0
3842,A,1,1,1,1
3843,A,1,1,1,1
3844,B,1,0,0,0
3845,B,1,1,1,0
3846,B,1,1,0,0
3847,B,1,1,0,0
3848,B,1,0,0,0
3849,A,1,1,1,0
3850,A,1,1,0,0
3851,B,1,1,1,0
3852,A,1,1,1,1
3853,A,1,0,0,0
3854,A,1,1,1,1
3855,B,1,0,0,0
3856,A,1,1,1,1
3857,B,1,1,1,0
3858,A,1,0,0,0
3859,B,1,0,0,0
3860,A,1,1,1,1
3861,B,1,1,0,0
3862,B,1,1,1,0
3863,A,1,0,0,0
3864,B,1,1,1,0
3865,B,1,1,1,0
3866,B,1,1,0,0
3867,B,1,1,1,0
3868,B,1,1,0,0
3869,B,1,1,1,0
3870,B,1,0,0,0
3871,B,1,0,0,0
3872,A,1,0,0,0
3873,A,1,1,0,0
3874,B,1,0,0,0
3875,B,1,1,0,0
3876,A,1,0,0,0
3877,A,1,1,0,0
3878,A,1,1,1,0
3879,B,1,0,0,0
3880,A,1,1,1,1
3881,B,1,0,0,0
3882,B,1,1,0,0
3883,A,1,0,0,0
3884,B,1,1,0,0
3885,B,1,1,1,1
3886,B,1,0,0,0
3887,B,1,1,1,0
3888,A,1,1,0,0
3889,A,1,0,0,0
3890,B,1,1,1,0
3891,B,1,1,1,0
3892,A,1,0,0,0
3893,B,1,0,0,0
3894,A,1,1,1,0
3895,B,1,0,0,0
3896,B,1,1,1,0
3897,A,1,0,0,0
3898,A,1,0,0,0
3899,A,1,0,0,0
3900,A,1,1,1,1
3901,B,1,0,0,0
3902,A,1,1,1,1
3903,B,1,1,0,0
3904,A,1,1,1,0
3905,A,1,0,0,0
3906,B,1,0,0,0
3907,A,1,0,0,0
3908,A,1,0,0,0
3909,A,1,1,1,0
3910,A,1,1,1,1
3911,B,1,1,1,0
3912,B,1,1,1,0
3913,A,1,1,1,1
3914,A,1,0,0,0
3915,A,1,0,0,0
3916,B,1,1,1,0
3917,B,1,1,0,0
3918,B,1,0,0,0
3919,B,1,0,0,0
3920,A,1,1,1,0
3921,A,1,1,0,0
3922,A,1,0,0,0
3923,B,1,1,0,0
3924,A,1,0,0,0
3925,B,1,1,0,0
3926,B,1,1,1,0
3927,A,1,1,1,0
3928,A,1,1,0,0
3929,A,1,0,0,0
3930,B,1,1,1,0
3931,B,1,0,0,0
3932,A,1,1,1,1
3933,A,1,1,0,0
3934,B,1,1,1,0
3935,A,1,1,0,0
3936,B,1,1,1,0
3937,B,1,1,1,0
3938,A,1,0,0,0
3939,A,1,0,0,0
3940,A,1,1,0,0
3941,A,1,0,0,0
3942,B,1,1,1,0
3943,B,1,0,0,0
3944,B,1,1,1,0
3945,A,1,1,1,0
3946,B,1,1,0,0
3947,A,1,1,0,0
3948,A,1,0,0,0
3949,A,1,0,0,0
3950,A,1,1,0,0
3951,A,1,1,1,1
3952,A,1,1,1,0
3953,B,1,1,1,0
3954,A,1,0,0,0
3955,B,1,0,0,0
3956,B,1,1,1,1
3957,A,1,1,1,0
3958,A,1,0,0,0
3959,A,1,0,0,0
3960,B,1,1,0,0
3961,A,1,0,0,0
3962,B,1,0,0,0
3963,A,1,1,1,0
3964,A,1,0,0,0
3965,B,1,0,0,0
3966,B,1,1,1,0
3967,A,1,1,1,0
3968,B,1,1,0,0
3969,B,1,0,0,0
3970,B,1,0,0,0
3971,B,1,0,0,0
3972,B,1,0,0,0
3973,A,1,1,0,0
3974,A,1,1,1,0
3975,B,1,0,0,0
3976,A,1,1,1,0
3977,A,1,1,1,0
3978,B,1,1,0,0
3979,A,1,1,1,0
3980,B,1,1,0,0
3981,B,1,1,1,0
3982,A,1,0,0,0
3983,B,1,0,0,0
3984,B,1,1,1,0
3985,B,1,1,1,0
3986,B,1,1,1,0
3987,B,1,0,0,0
3988,A,1,0,0,0
3989,A,1,0,0,0
3990,B,1,0,0,0
3991,B,1,0,0,0
3992,A,1,0,0,0
3993,B,1,1,1,0
3994,A,1,0,0,0
3995,B,1,0,0,0
3996,B,1,1,1,0
3997,B,1,1,1,0
3998,B,1,1,1,0
3999,B,1,1,1,0
4000,B,1,0,0,0
4001,B,1,1,1,0
4002,A,1,0,0,0
4003,A,1,0,0,0
4004,A,1,0,0,0
4005,B,1,1,1,0
4006,B,1,0,0,0
4007,B,1,0,0,0
4008,B,1,0,0,0
4009,B,1,0,0,0
4010,B,1,0,0,0
4011,B,1,1,1,1
4012,A,1,1,1,0
4013,B,1,0,0,0
4014,A,1,1,1,0
4015,A,1,1,0,0
4016,B,1,1,1,0
4017,B,1,0,0,0
4018,A,1,1,1,1
4019,A,1,1,0,0
4020,B,1,1,0,0
4021,B,1,1,0,0
4022,A,1,0,0,0
4023,B,1,0,0,0
4024,B,1,1,1,0
4025,B,1,1,1,0
4026,A,1,1,0,0
4027,A,1,0,0,0
4028,A,1,1,0,0
4029,B,1,1,1,0
4030,B,1,0,0,0
4031,A,1,1,0,0
4032,A,1,1,1,0
4033,A,1,1,0,0
4034,B,1,1,1,0
4035,A,1,0,0,0
4036,A,1,0,0,0
4037,B,1,0,0,0
4038,B,1,0,0,0
4039,B,1,1,1,0
4040,A,1,1,0,0
4041,B,1,1,0,0
4042,B,1,0,0,0
4043,A,1,1,0,0
4044,B,1,1,1,0
4045,A,1,0,0,0
4046,A,1,0,0,0
4047,B,1,1,1,1
4048,B,1,1,0,0
4049,B,1,1,1,0
4050,B,1,1,0,0
4051,B,1,1,1,0
4052,B,1,1,0,0
4053,A,1,1,0,0
4054,A,1,0,0,0
4055,B,1,0,0,0
4056,A,1,1,1,0
4057,B,1,1,0,0
4058,A,1,0,0,0
4059,A,1,1,1,1
4060,A,1,1,0,0
4061,B,1,1,1,0
4062,A,1,0,0,0
4063,B,1,1,0,0
4064,A,1,1,1,0
4065,A,1,0,0,0
4066,A,1,0,0,0
4067,A,1,1,1,0
4068,A,1,1,1,0
4069,B,1,1,1,1
4070,B,1,1,0,0
4071,A,1,1,1,0
4072,A,1,0,0,0
4073,A,1,0,0,0
4074,A,1,1,1,1
4075,B,1,1,0,0
4076,A,1,1,1,1
4077,B,1,0,0,0
4078,A,1,0,0,0
4079,B,1,1,0,0
4080,A,1,1,0,0
4081,A,1,1,1,0
4082,B,1,0,0,0
4083,A,1,1,0,0
4084,A,1,0,0,0
4085,A,1,1,1,0
4086,B,1,1,0,0
4087,A,1,0,0,0
4088,A,1,0,0,0
4089,B,1,1,0,0
4090,B,1,0,0,0
4091,B,1,1,1,0
4092,A,1,0,0,0
4093,A,1,0,0,0
4094,A,1,1,1,0
4095,B,1,0,0,0
4096,A,1,0,0,0
4097,A,1,0,0,0
4098,B,1,1,1,0
4099,B,1,0,0,0
4100,B,1,1,0,0
4101,B,1,1,1,0
4102,B,1,1,0,0
4103,A,1,0,0,0
4104,B,1,0,0,0
4105,A,1,1,1,0
4106,A,1,0,0,0
4107,B,1,1,1,0
4108,B,1,1,1,1
4109,B,1,0,0,0
4110,A,1,0,0,0
4111,B,1,0,0,0
4112,B,1,0,0,0
4113,B,1,1,1,0
4114,B,1,1,0,0
4115,B,1,1,1,0
4116,A,1,1,0,0
4117,A,1,0,0,0
4118,A,1,0,0,0
4119,B,1,1,0,0
4120,B,1,0,0,0
4121,B,1,1,1,0
4122,A,1,0,0,0
4123,B,1,1,1,0
4124,B,1,1,1,1
4125,B,1,0,0,0
4126,A,1,0,0,0
4127,B,1,0,0,0
4128,A,1,1,1,1
4129,B,1,1,1,0
4130,A,1,1,1,0
4131,A,1,0,0,0
4132,A,1,0,0,0
4133,B,1,0,0,0
4134,B,1,1,0,0
4135,A,1,1,1,0
4136,A,1,0,0,0
4137,B,1,0,0,0
4138,B,1,1,1,0
4139,A,1,0,0,0
4140,B,1,1,1,1
4141,B,1,0,0,0
4142,B,1,0,0,0
4143,B,1,1,1,1
4144,A,1,1,0,0
4145,B,1,1,1,0
4146,B,1,1,1,1
4147,A,1,1,1,1
4148,A,1,1,1,0
4149,B,1,0,0,0
4150,B,1,0,0,0
4151,B,1,1,1,0
4152,B,1,0,0,0
4153,A,1,0,0,0
4154,A,1,0,0,0
4155,A,1,0,0,0
4156,B,1,1,1,0
4157,B,1,1,0,0
4158,B,1,1,0,0
4159,B,1,1,1,0
4160,A,1,0,0,0
4161,A,1,1,0,0
4162,B,1,1,0,0
4163,A,1,0,0,0
4164,B,1,0,0,0
4165,B,1,0,0,0
4166,A,1,1,1,0
4167,B,1,1,1,0
4168,B,1,0,0,0
4169,A,1,0,0,0
4170,B,1,1,1,0
4171,B,1,1,1,0
4172,A,1,1,1,0
4173,B,1,1,1,1
4174,A,1,0,0,0
4175,B,1,1,1,0
4176,A,1,1,1,0
4177,A,1,1,1,0
4178,A,1,0,0,0
4179,B,1,1,1,0
4180,A,1,1,1,0
4181,A,1,1,1,1
4182,A,1,0,0,0
4183,A,1,1,1,0
4184,A,1,0,0,0
4185,B,1,0,0,0
4186,B,1,1,1,0
4187,B,1,1,1,0
4188,B,1,1,0,0
4189,B,1,1,1,0
4190,B,1,1,0,0
4191,B,1,0,0,0
4192,A,1,0,0,0
4193,B,1,0,0,0
4194,A,1,1,0,0
4195,A,1,1,1,1
4196,B,1,0,0,0
4197,A,1,1,1,0
4198,A,1,0,0,0
4199,A,1,1,0,0
4200,A,1,0,0,0
4201,B,1,1,1,1
4202,B,1,0,0,0
4203,B,1,1,1,0
4204,B,1,1,1,0
4205,B,1,1,1,1
4206,B,1,0,0,0
4207,B,1,0,0,0
4208,B,1,1,0,0
4209,B,1,0,0,0
4210,B,1,0,0,0
4211,A,1,0,0,0
4212,B,1,1,1,0
4213,A,1,1,0,0
4214,A,1,1,1,1
4215,A,1,1,1,1
4216,A,1,0,0,0
4217,B,1,1,1,0
4218,A,1,0,0,0
4219,B,1,1,1,0
4220,B,1,1,1,0
4221,A,1,1,1,0
4222,B,1,1,0,0
4223,A,1,1,1,0
4224,A,1,0,0,0
4225,B,1,1,1,1
4226,B,1,1,1,1
4227,A,1,0,0,0
4228,B,1,1,0,0
4229,B,1,0,0,0
4230,B,1,0,0,0
4231,A,1,0,0,0
4232,A,1,0,0,0
4233,B,1,0,0,0
4234,B,1,1,1,0
4235,B,1,1,1,1
4236,B,1,1,0,0
4237,B,1,0,0,0
4238,A,1,0,0,0
4239,B,1,1,0,0
4240,A,1,1,1,0
4241,B,1,1,1,0
4242,A,1,0,0,0
4243,B,1,1,1,1
4244,A,1,1,0,0
4245,B,1,1,0,0
4246,A,1,1,1,0
4247,A,1,1,1,1
4248,A,1,0,0,0
4249,A,1,1,1,1
4250,A,1,0,0,0
4251,A,1,0,0,0
4252,B,1,1,0,0
4253,A,1,0,0,0
4254,B,1,1,1,0
4255,B,1,1,1,0
4256,B,1,1,1,0
4257,B,1,0,0,0
4258,B,1,1,0,0
4259,A,1,1,0,0
4260,A,1,0,0,0
4261,A,1,0,0,0
4262,B,1,1,1,1
4263,A,1,0,0,0
4264,A,1,0,0,0
4265,A,1,1,1,1
4266,A,1,1,1,0
4267,A,1,1,1,0
4268,B,1,1,1,0
4269,A,1,1,1,1
4270,B,1,1,1,0
4271,B,1,1,1,1
4272,B,1,0,0,0
4273,B,1,0,0,0
4274,B,1,1,1,1
4275,A,1,0,0,0
4276,A,1,0,0,0
4277,A,1,1,1,0
4278,B,1,1,1,1
4279,A,1,1,0,0
4280,A,1,0,0,0
4281,B,1,1,1,0
4282,B,1,1,1,0
4283,B,1,1,0,0
4284,B,1,1,0,0
4285,A,1,1,0,0
4286,B,1,0,0,0
4287,B,1,0,0,0
4288,A,1,1,1,0
4289,A,1,1,1,1
4290,B,1,1,1,1
4291,A,1,1,0,0
4292,B,1,1,1,0
4293,B,1,1,0,0
4294,A,1,0,0,0
4295,A,1,0,0,0
4296,B,1,1,0,0
4297,B,1,0,0,0
4298,B,1,1,1,0
4299,A,1,0,0,0
4300,B,1,1,1,1
4301,B,1,1,1,0
4302,B,1,1,1,0
4303,B,1,1,1,1
4304,B,1,1,0,0
4305,A,1,0,0,0
4306,B,1,0,0,0
4307,B,1,0,0,0
4308,B,1,1,1,1
4309,B,1,1,1,1
4310,A,1,0,0,0
4311,A,1,1,0,0
4312,A,1,0,0,0
4313,B,1,1,1,1
4314,B,1,0,0,0
4315,A,1,0,0,0
4316,A,1,0,0,0
4317,A,1,0,0,0
4318,B,1,0,0,0
4319,B,1,0,0,0
4320,A,1,1,1,1
4321,A,1,0,0,0
4322,A,1,1,0,0
4323,B,1,0,0,0
4324,B,1,0,0,0
4325,B,1,1,0,0
4326,A,1,1,1,0
4327,A,1,0,0,0
4328,B,1,1,0,0
4329,A,1,1,1,0
4330,B,1,1,1,0
4331,A,1,1,1,0
4332,A,1,0,0,0
4333,A,1,1,0,0
4334,A,1,1,0,0
4335,B,1,0,0,0
4336,A,1,0,0,0
4337,B,1,1,1,0
4338,B,1,0,0,0
4339,B,1,1,1,0
4340,A,1,1,1,1
4341,B,1,0,0,0
4342,B,1,1,1,1
4343,B,1,1,0,0
4344,A,1,0,0,0
4345,A,1,1,0,0
4346,B,1,1,1,0
4347,A,1,0,0,0
4348,B,1,1,0,0
4349,B,1,1,1,0
4350,A,1,0,0,0
4351,B,1,1,1,1
4352,A,1,1,0,0
4353,A,1,1,0,0
4354,B,1,0,0,0
4355,A,1,0,0,0
4356,A,1,0,0,0
4357,B,1,0,0,0
4358,B,1,1,1,0
4359,A,1,1,0,0
4360,A,1,1,0,0
4361,B,1,1,0,0
4362,A,1,1,1,0
4363,A,1,1,0,0
4364,A,1,0,0,0
4365,A,1,1,0,0
4366,A,1,0,0,0
4367,A,1,0,0,0
4368,A,1,0,0,0
4369,B,1,1,1,0
4370,B,1,0,0,0
4371,B,1,1,0,0
4372,B,1,1,1,1
4373,B,1,0,0,0
4374,A,1,0,0,0
4375,A,1,1,0,0
4376,A,1,0,0,0
4377,A,1,0,0,0
4378,B,1,1,1,0
4379,A,1,1,1,0
4380,A,1,0,0,0
4381,B,1,0,0,0
4382,A,1,0,0,0
4383,A,1,0,0,0
4384,B,1,1,1,0
4385,A,1,1,0,0
4386,A,1,1,1,0
4387,A,1,0,0,0
4388,A,1,0,0,0
4389,A,1,0,0,0
4390,B,1,1,1,0
4391,B,1,1,0,0
4392,B,1,0,0,0
4393,B,1,0,0,0
4394,B,1,1,1,1
4395,B,1,1,1,1
4396,A,1,1,1,0
4397,B,1,0,0,0
4398,B,1,1,0,0
4399,A,1,0,0,0
4400,A,1,0,0,0
4401,B,1,1,1,0
4402,A,1,0,0,0
4403,B,1,1,0,0
4404,A,1,1,1,0
4405,B,1,1,0,0
4406,A,1,0,0,0
4407,A,1,0,0,0
4408,B,1,0,0,0
4409,B,1,0,0,0
4410,B,1,1,1,0
4411,B,1,1,0,0
4412,B,1,0,0,0
4413,A,1,0,0,0
4414,B,1,1,0,0
4415,B,1,1,0,0
4416,A,1,0,0,0
4417,A,1,0,0,0
4418,B,1,0,0,0
4419,A,1,1,1,1
4420,A,1,0,0,0
4421,B,1,0,0,0
4422,A,1,0,0,0
4423,A,1,0,0,0
4424,B,1,1,0,0
4425,B,1,0,0,0
4426,A,1,0,0,0
4427,A,1,0,0,0
4428,B,1,0,0,0
4429,A,1,1,1,0
4430,A,1,1,1,1
4431,A,1,0,0,0
4432,B,1,1,1,0
4433,A,1,0,0,0
4434,A,1,0,0,0
4435,B,1,0,0,0
4436,A,1,0,0,0
4437,A,1,0,0,0
4438,B,1,0,0,0
4439,B,1,1,1,1
4440,B,1,1,1,0
4441,B,1,0,0,0
4442,A,1,1,1,0
4443,A,1,1,1,0
4444,B,1,1,0,0
4445,B,1,1,0,0
4446,A,1,1,0,0
4447,B,1,1,1,1
4448,A,1,0,0,0
4449,B,1,0,0,0
4450,A,1,0,0,0
4451,B,1,0,0,0
4452,B,1,1,1,0
4453,A,1,0,0,0
4454,B,1,1,0,0
4455,A,1,1,0,0
4456,A,1,0,0,0
4457,A,1,1,0,0
4458,A,1,1,0,0
4459,A,1,1,1,1
4460,B,1,0,0,0
4461,B,1,1,0,0
4462,A,1,0,0,0
4463,B,1,0,0,0
4464,A,1,1,1,0
4465,B,1,1,1,1
4466,B,1,1,1,0
4467,B,1,0,0,0
4468,B,1,1,1,0
4469,A,1,1,1,1
4470,A,1,0,0,0
4471,B,1,1,1,0
4472,B,1,0,0,0
4473,A,1,0,0,0
4474,B,1,1,1,1
4475,A,1,1,1,0
4476,A,1,0,0,0
4477,A,1,1,1,0
4478,B,1,0,0,0
4479,A,1,1,1,0
4480,B,1,1,1,0
4481,A,1,0,0,0
4482,B,1,1,1,0
4483,B,1,0,0,0
4484,B,1,0,0,0
4485,A,1,1,1,0
4486,A,1,0,0,0
4487,B,1,1,1,0
4488,B,1,1,1,0
4489,B,1,1,0,0
4490,A,1,0,0,0
4491,A,1,1,1,0
4492,A,1,0,0,0
4493,A,1,0,0,0
4494,B,1,1,1,0
4495,B,1,0,0,0
4496,A,1,1,1,0
4497,A,1,1,0,0
4498,B,1,0,0,0
4499,A,1,0,0,0
4500,A,1,1,1,0
4501,A,1,0,0,0
4502,A,1,0,0,0
4503,A,1,1,1,1
4504,A,1,1,0,0
4505,B,1,1,1,1
4506,A,1,0,0,0
4507,A,1,1,1,0
4508,B,1,1,0,0
4509,B,1,1,1,1
4510,B,1,1,0,0
4511,A,1,0,0,0
4512,B,1,0,0,0
4513,A,1,0,0,0
4514,A,1,0,0,0
4515,A,1,1,1,0
4516,B,1,0,0,0
4517,B,1,1,1,0
4518,B,1,1,0,0
4519,B,1,1,1,1
4520,B,1,0,0,0
4521,A,1,1,1,0
4522,A,1,1,1,0
4523,A,1,1,0,0
4524,A,1,1,0,0
4525,B,1,0,0,0
4526,B,1,1,1,0
4527,A,1,0,0,0
4528,B,1,0,0,0
4529,B,1,1,1,0
4530,A,1,0,0,0
4531,A,1,1,1,0
4532,B,1,1,1,0
4533,B,1,1,0,0
4534,A,1,1,1,1
4535,A,1,0,0,0
4536,A,1,1,1,1
4537,B,1,1,1,0
4538,A,1,0,0,0
4539,A,1,1,1,1
4540,B,1,0,0,0
4541,B,1,0,0,0
4542,B,1,1,1,0
4543,B,1,0,0,0
4544,B,1,1,1,1
4545,A,1,1,0,0
4546,A,1,0,0,0
4547,B,1,0,0,0
4548,B,1,1,0,0
4549,B,1,1,0,0
4550,B,1,1,1,0
4551,B,1,0,0,0
4552,A,1,1,1,0
4553,A,1,1,0,0
4554,A,1,0,0,0
4555,A,1,0,0,0
4556,B,1,1,1,0
4557,A,1,1,0,0
4558,B,1,1,1,1
4559,B,1,0,0,0
4560,B,1,0,0,0
4561,A,1,1,0,0
4562,B,1,1,0,0
4563,A,1,1,1,1
4564,A,1,1,1,0
4565,B,1,1,0,0
4566,B,1,0,0,0
4567,B,1,1,1,0
4568,A,1,0,0,0
4569,B,1,1,0,0
4570,A,1,0,0,0
4571,B,1,1,1,0
4572,B,1,1,1,0
4573,A,1,1,1,0
4574,A,1,0,0,0
4575,A,1,1,1,0
4576,A,1,0,0,0
4577,A,1,1,1,0
4578,A,1,1,1,0
4579,B,1,1,1,1
4580,B,1,0,0,0
4581,A,1,0,0,0
4582,B,1,0,0,0
4583,A,1,0,0,0
4584,B,1,1,1,1
4585,B,1,0,0,0
4586,A,1,0,0,0
4587,A,1,1,1,1
4588,A,1,1,1,0
4589,B,1,1,1,0
4590,A,1,0,0,0
4591,B,1,1,1,0
4592,A,1,1,1,0
4593,B,1,0,0,0
4594,B,1,1,0,0
4595,A,1,0,0,0
4596,B,1,1,1,1
4597,B,1,0,0,0
4598,A,1,0,0,0
4599,B,1,1,0,0
4600,A,1,1,0,0
4601,A,1,0,0,0
4602,A,1,0,0,0
4603,A,1,1,0,0
4604,B,1,0,0,0
4605,B,1,1,1,0
4606,B,1,1,0,0
4607,A,1,0,0,0
4608,B,1,1,1,1
4609,B,1,0,0,0
4610,A,1,0,0,0
4611,A,1,1,1,1
4612,B,1,0,0,0
4613,A,1,0,0,0
4614,A,1,0,0,0
4615,A,1,1,0,0
4616,A,1,1,1,0
4617,B,1,0,0,0
4618,A,1,0,0,0
4619,A,1,1,0,0
4620,A,1,1,0,0
4621,A,1,1,1,0
4622,A,1,0,0,0
4623,A,1,1,1,0
4624,A,1,1,0,0
4625,A,1,0,0,0
4626,B,1,1,0,0
4627,A,1,0,0,0
4628,B,1,1,0,0
4629,A,1,0,0,0
4630,A,1,1,1,1
4631,A,1,0,0,0
4632,A,1,0,0,0
4633,B,1,0,0,0
4634,A,1,0,0,0
4635,A,1,0,0,0
4636,B,1,0,0,0
4637,B,1,0,0,0
4638,A,1,1,1,0
4639,B,1,0,0,0
4640,B,1,1,0,0
4641,B,1,0,0,0
4642,A,1,0,0,0
4643,A,1,1,0,0
4644,A,1,0,0,0
4645,B,1,0,0,0
4646,A,1,1,1,0
4647,B,1,0,0,0
4648,A,1,0,0,0
4649,A,1,0,0,0
4650,B,1,0,0,0
4651,A,1,1,1,0
4652,B,1,1,1,0
4653,B,1,0,0,0
4654,A,1,1,0,0
4655,B,1,1,1,1
4656,A,1,1,1,0
4657,A,1,1,1,1
4658,B,1,1,1,0
4659,A,1,0,0,0
4660,B,1,1,1,0
4661,A,1,1,1,0
4662,A,1,0,0,0
4663,A,1,1,1,0
4664,A,1,1,1,1
4665,A,1,1,1,1
4666,B,1,1,1,1
4667,B,1,0,0,0
4668,B,1,1,0,0
4669,B,1,1,1,1
4670,B,1,1,1,0
4671,B,1,1,1,0
4672,A,1,1,0,0
4673,A,1,0,0,0
4674,B,1,0,0,0
4675,B,1,1,0,0
4676,A,1,0,0,0
4677,A,1,1,1,0
4678,A,1,1,1,0
4679,B,1,1,1,1
4680,B,1,1,1,1
4681,B,1,1,1,1
4682,A,1,0,0,0
4683,A,1,1,1,0
4684,B,1,0,0,0
4685,B,1,1,1,0
4686,A,1,1,0,0
4687,A,1,1,0,0
4688,A,1,0,0,0
4689,A,1,1,1,0
4690,B,1,0,0,0
4691,A,1,1,1,0
4692,A,1,0,0,0
4693,A,1,1,0,0
4694,B,1,1,1,0
4695,B,1,0,0,0
4696,A,1,1,1,0
4697,A,1,0,0,0
4698,A,1,1,1,0
4699,B,1,0,0,0
4700,B,1,0,0,0
4701,B,1,1,1,0
4702,A,1,0,0,0
4703,B,1,1,1,0
4704,A,1,0,0,0
4705,A,1,1,1,0
4706,A,1,0,0,0
4707,B,1,1,0,0
4708,A,1,0,0,0
4709,B,1,1,1,1
4710,B,1,0,0,0
4711,A,1,0,0,0
4712,A,1,0,0,0
4713,B,1,1,0,0
4714,A,1,1,0,0
4715,B,1,1,1,0
4716,A,1,1,1,0
4717,B,1,1,1,0
4718,B,1,0,0,0
4719,B,1,0,0,0
4720,B,1,0,0,0
4721,A,1,1,1,0
4722,A,1,0,0,0
4723,B,1,1,1,1
4724,B,1,1,1,0
4725,A,1,1,0,0
4726,A,1,1,1,0
4727,A,1,1,1,0
4728,A,1,0,0,0
4729,A,1,1,1,0
4730,A,1,0,0,0
4731,B,1,1,1,0
4732,A,1,0,0,0
4733,A,1,0,0,0
4734,B,1,1,1,1
4735,A,1,0,0,0
4736,A,1,0,0,0
4737,A,1,1,0,0
4738,A,1,1,0,0
4739,A,1,1,1,1
4740,B,1,1,0,0
4741,A,1,1,1,0
4742,B,1,0,0,0
4743,B,1,1,0,0
4744,A,1,1,0,0
4745,B,1,1,1,0
4746,A,1,0,0,0
4747,B,1,0,0,0
4748,B,1,0,0,0
4749,A,1,0,0,0
4750,A,1,1,0,0
4751,A,1,1,0,0
4752,A,1,1,0,0
4753,A,1,0,0,0
4754,B,1,0,0,0
4755,B,1,1,0,0
4756,B,1,1,1,1
4757,B,1,1,1,0
4758,B,1,1,1,1
4759,B,1,0,0,0
4760,B,1,1,0,0
4761,A,1,0,0,0
4762,A,1,0,0,0
4763,B,1,0,0,0
4764,B,1,1,1,0
4765,A,1,1,0,0
4766,A,1,0,0,0
4767,A,1,0,0,0
4768,A,1,0,0,0
4769,B,1,1,1,0
4770,A,1,0,0,0
4771,B,1,1,0,0
4772,B,1,0,0,0
4773,B,1,0,0,0
4774,A,1,0,0,0
4775,A,1,0,0,0
4776,B,1,0,0,0
4777,B,1,1,0,0
4778,B,1,1,1,1
4779,A,1,1,0,0
4780,B,1,0,0,0
4781,A,1,1,1,0
4782,B,1,1,0,0
4783,B,1,1,1,0
4784,B,1,0,0,0
4785,A,1,0,0,0
4786,A,1,1,0,0
4787,B,1,1,0,0
4788,A,1,0,0,0
4789,B,1,0,0,0
4790,A,1,1,1,0
4791,A,1,1,1,0
4792,A,1,0,0,0
4793,B,1,1,0,0
4794,A,1,0,0,0
4795,A,1,0,0,0
4796,B,1,0,0,0
4797,B,1,1,1,1
4798,B,1,1,1,1
4799,B,1,1,1,0
4800,A,1,1,1,1
4801,A,1,0,0,0
4802,A,1,0,0,0
4803,A,1,0,0,0
4804,A,1,1,1,0
4805,B,1,1,0,0
4806,A,1,1,1,0
4807,A,1,1,1,0
4808,A,1,0,0,0
4809,B,1,0,0,0
4810,B,1,1,0,0
4811,A,1,1,1,0
4812,B,1,1,0,0
4813,B,1,1,1,1
4814,B,1,1,1,0
4815,B,1,1,0,0
4816,B,1,0,0,0
4817,B,1,1,1,0
4818,B,1,0,0,0
4819,A,1,0,0,0
4820,A,1,1,0,0
4821,B,1,1,1,0
4822,A,1,1,0,0
4823,A,1,0,0,0
4824,B,1,0,0,0
4825,A,1,0,0,0
4826,B,1,1,0,0
4827,B,1,1,0,0
4828,B,1,0,0,0
4829,A,1,0,0,0
4830,A,1,1,1,0
4831,A,1,0,0,0
4832,A,1,1,0,0
4833,B,1,0,0,0
4834,B,1,1,0,0
4835,A,1,0,0,0
4836,B,1,1,1,1
4837,B,1,1,1,0
4838,A,1,0,0,0
4839,B,1,0,0,0
4840,A,1,1,1,0
4841,B,1,0,0,0
4842,A,1,0,0,0
4843,B,1,0,0,0
4844,B,1,1,0,0
4845,A,1,1,1,0
4846,A,1,0,0,0
4847,A,1,0,0,0
4848,A,1,0,0,0
4849,B,1,0,0,0
4850,B,1,0,0,0
4851,A,1,0,0,0
4852,B,1,1,0,0
4853,A,1,0,0,0
4854,A,1,1,1,0
4855,B,1,1,1,0
4856,B,1,0,0,0
4857,A,1,1,0,0
4858,A,1,1,0,0
4859,A,1,0,0,0
4860,B,1,0,0,0
4861,B,1,0,0,0
4862,B,1,1,1,0
4863,B,1,1,1,1
4864,A,1,1,1,0
4865,A,1,0,0,0
4866,A,1,0,0,0
4867,A,1,0,0,0
4868,A,1,1,1,1
4869,A,1,0,0,0
4870,B,1,0,0,0
4871,B,1,0,0,0
4872,A,1,1,1,0
4873,A,1,0,0,0
4874,B,1,0,0,0
4875,B,1,1,0,0
4876,B,1,1,0,0
4877,B,1,1,1,0
4878,A,1,0,0,0
4879,A,1,1,1,1
4880,A,1,0,0,0
4881,A,1,0,0,0
4882,A,1,0,0,0
4883,B,1,0,0,0
4884,A,1,1,1,0
4885,B,1,0,0,0
4886,A,1,0,0,0
4887,A,1,0,0,0
4888,A,1,1,1,0
4889,A,1,0,0,0
4890,A,1,0,0,0
4891,B,1,0,0,0
4892,B,1,1,0,0
4893,B,1,0,0,0
4894,A,1,1,0,0
4895,A,1,0,0,0
4896,B,1,1,1,1
4897,A,1,0,0,0
4898,A,1,1,1,0
4899,B,1,0,0,0
4900,A,1,0,0,0
4901,B,1,1,0,0
4902,A,1,1,1,1
4903,B,1,1,1,0
4904,A,1,0,0,0
4905,A,1,0,0,0
4906,B,1,1,1,0
4907,A,1,1,1,0
4908,A,1,1,1,0
4909,B,1,1,0,0
4910,A,1,1,0,0
4911,B,1,1,0,0
4912,A,1,0,0,0
4913,A,1,0,0,0
4914,A,1,1,0,0
4915,A,1,0,0,0
4916,B,1,1,1,1
4917,A,1,0,0,0
4918,B,1,1,1,0
4919,A,1,0,0,0
4920,A,1,1,1,0
4921,A,1,0,0,0
4922,A,1,1,1,0
4923,B,1,1,1,0
4924,B,1,1,1,1
4925,B,1,1,0,0
4926,B,1,1,0,0
4927,A,1,0,0,0
4928,B,1,1,1,0
4929,B,1,0,0,0
4930,A,1,1,1,0
4931,A,1,0,0,0
4932,A,1,0,0,0
4933,A,1,0,0,0
4934,B,1,1,1,0
4935,B,1,1,1,0
4936,A,1,1,0,0
4937,A,1,0,0,0
4938,A,1,0,0,0
4939,B,1,1,1,0
4940,B,1,1,1,1
4941,A,1,1,0,0
4942,A,1,0,0,0
4943,B,1,1,0,0
4944,A,1,1,1,0
4945,A,1,0,0,0
4946,B,1,0,0,0
4947,A,1,1,1,0
4948,B,1,1,0,0
4949,A,1,1,0,0
4950,A,1,0,0,0
4951,B,1,1,0,0
4952,B,1,1,0,0
4953,A,1,0,0,0
4954,B,1,0,0,0
4955,A,1,1,1,0
4956,A,1,1,1,0
4957,B,1,0,0,0
4958,A,1,0,0,0
4959,A,1,0,0,0
4960,B,1,1,1,0
4961,B,1,1,1,0
4962,A,1,0,0,0
4963,B,1,0,0,0
4964,B,1,1,0,0
4965,B,1,1,1,0
4966,B,1,1,1,0
4967,A,1,1,1,0
4968,A,1,1,1,0
4969,A,1,1,1,1
4970,B,1,1,1,0
4971,B,1,0,0,0
4972,B,1,1,0,0
4973,B,1,0,0,0
4974,B,1,1,1,0
4975,B,1,1,0,0
4976,B,1,1,1,0
4977,A,1,1,1,0
4978,A,1,0,0,0
4979,B,1,0,0,0
4980,B,1,1,1,0
4981,B,1,1,0,0
4982,A,1,0,0,0
4983,A,1,0,0,0
4984,B,1,1,1,0
4985,B,1,1,0,0
4986,A,1,1,1,0
4987,A,1,0,0,0
4988,A,1,1,1,0
4989,A,1,1,1,1
4990,B,1,0,0,0
4991,A,1,0,0,0
4992,A,1,0,0,0
4993,B,1,1,1,1
4994,A,1,1,1,0
4995,A,1,1,1,0
4996,A,1,0,0,0
4997,B,1,1,0,0
4998,A,1,1,1,0
4999,B,1,1,0,0
5000,B,1,0,0,0
